Category,Subcategory,Strength,Multiplier,en,de,ru,eo,pl,it,ua,ko
0,0,4,1,Most or all of the economy should be nationalized,Die Wirtschaft sollte zum großen Teil oder komplett verstaatlicht werden,Вся или большая часть экономики должна быть национализирована,Tuta aŭ preskaŭ tuta ekonomio devas esti naciigita,Większość lub całość gospodarki powinna być znacjonalizowana,L'interezza o buona parte dell'economia dovrebbe essere nazionalizzata,Уся чи більшість економіки має бути націоналізована,경제의 대부분 또는 전부를 국유화해야 한다
0,0,4,1,Capitalism should fundamentally be replaced,Kapitalismus sollte grundlegend ersetzt werden,Капитализм должен быть полностью замещён другим строем,Kapitalismo devas esti fundamente anstataŭita,Kapitalizm powinien zostać zasadniczo zastąpiony,Il capitalismo dovrebbe essere sostituito,Капіталізм має бути повністю замінений іншою формою суспільства,자본주의는 근본적으로 대체되어야 한다
0,0,3,1,There should be a national healthcare service,Es sollte ein staatliches Gesundheitswesen geben,Должна существовать государственная система здравохранения,Devas esti nacia resaniga servo,Powinna istnieć państwowa służba zdrowia,Ci dovrebbe essere un sistema sanitario pubblico,Повинна існувати державна система медичного обслуговування,국가적인 의료 서비스가 있어야 한다
0,0,2,-1,Government owned industry is usually a bad idea,Staatseigene Industrie ist für gewöhnlich eine schlechte Idee,Государственные предприятия — это обычно плохая идея,"Industrio, posedata de la registaro, kutime estas malbona ideo",Przemysł będący własnością państwa jest zwykle złym pomysłem,Generalmente è una cattiva idea avere parti del settore industriale sotto controllo statale,Державне підприємство - це зазвичай погана ідея,국영 산업은 부적절한 생각이다
0,0,2,1,The government should run the healthcare insurance industry,Der Staat sollte das Krankenversicherungsgewerbe leiten,Системой медицинского страхования должно заведовать государство,La registaro devas mastri asekuradon de sano,Rząd powinien zarządzać branżą ubezpieczeń zdrowotnych,É lo stato che dovrebbe gestire le assicurazioni sanitarie,Медичним страхуванням має піклуватися держава,정부는 의료 보험을 운영해야 한다
0,0,2,1,Public utilities like roads and electricity should all be publicly owned,Öffentliche Versorgungsunternehmen wie Straßen und Strom sollten alle volkseigen sein,"Общественные объекты, такие как дороги и электростанции, должны находиться в общественной собственности","Publikaj utilaĵoj, kiel vojoj kaj elektrejoj, devas esti sub publika posedo","Obiekty użyteczności publicznej, takie jak drogi i prąd, powinny być własnością publiczną","Tutti i beni di pubblica utilità, come le strade e l'elettricità, dovrebbero essere di proprietà dello stato","Загальноважливі об'єкти, такі як дороги та електростанції, мають бути державною(суспільною) власністю",도로나 전기 같은 공공 시설은 모두 공공 소유가 되어야 한다
0,0,1,1,Capitalism has problems,Kapitalismus hat Probleme ,У капитализма есть проблемы,Kapitalismo havas problemojn,Kapitalizm ma problemy, Il capitalismo ha dei problemi,Капіталізм має недоліки,자본주의는 문제가 있다
0,0,1,1,Some industries such as the postal service should be government-run,"Manche Gewerbe, wie das Postgewerbe, sollten staatsgeführt sein","Некоторые предприятия, такие как почтовые службы, должны быть государственными","Iuj industrioj, kiel poŝtaj servoj, devas mastriĝi de la registaro","Niektóre branże, takie jak usługi pocztowe, powinny być zarządzane przez rząd","Alcune attività, come le poste, dovrebbero essere di proprietà statale","Деякими підприємствами, на зразок поштових служб, має керувати держава",우체국 같은 일부 산업은 정부가 운영해야 한다
0,1,1,-1,Regulation cannot fix all problems in the economy,Regulierung kann nicht alle wirtschaftlichen Probleme lösen,Регулирование экономики не решит всех её проблем,Regulado ne kapablos solvi ĉiujn problemojn de ekonomio,Regulacja nie może rozwiązać wszystkich problemów w gospodarce,La regolamentazione dell'economia non può risolverne tutti i problemi,Регуляції не можуть вирішити усіх проблем економіки,규제가 경제의 모든 문제를 해결할 수는 없다
0,1,4,1,Strictly regulated capitalism is the ideal economy,Strikt regulierter Kapitalismus ist die ideale Wirtschaftsform,Строго регулируемый капитализм — это идеальная идеология,Strikte regulata kapitalismo estas ideala ideologio,Ściśle regulowany kapitalizm jest idealną gospodarką,Un capitalismo fortemente regolamentato è il sistema economico ideale,Строго регульований капіталізм - це ідеальна ідеологія,엄격한 규제를 받는 자본주의가 이상적인 경제다
0,1,3,1,"For any economic problem, there is a regulation that can fix it","Für jedes wirtschaftliche Problem gibt es eine Regulierung, die es lösen kann","Любые экономические проблемы могут быть решены регулированием","Por ajna ekonomia problemo, estas reguligo, kiu povos solvi ĝin","W przypadku każdego problemu ekonomicznego istnieje przepis, który może to naprawić","Per ogni problema economico, esiste una regolamentazione che lo può risolvere","На кожну економічну проблему є регуляція, яка її вирішить",어떠한 경제적인 문제에 대해서도 그것을 고칠 수 있는 규정이 있다
0,1,3,1,Companies that sneakily break regulations and are caught should be disbanded,"Firmen, die heimlich Regeln brechen und dabei erwischt werden, sollten aufgelöst werden","Компании, застанные за обходом мер по регулированию, должны быть ликвидированы","Kompanioj, kiuj kaptiĝas je ruzaj rompoj de reguligoj, devas esti disigitaj","Firmy, które podstępnie łamią przepisy i zostają złapane, powinny zostać rozwiązane",Le aziende che vengono sorprese a violare delle norme dovrebbero essere smantellate,"Фірми, які обходять заборони й обмеження, мають бути ліквідовані",슬그머니 규제를 어기다 적발되는 기업은 해체해야 한다
0,1,2,1,The government must regulate the economy to protect the environment,"Der Staat muss die Wirtschaft regulieren, um die Umwelt zu schützen","Государство должно регулировать экономику ради защиты окружающей среды",La registaro devas reguli la ekonomion por protekti la ekologion,"Rząd musi regulować gospodarkę, aby chronić środowisko",Lo stato deve regolamentare l'economia per proteggere l'ambiente,"Держава повинна регулювати економіку, щоби зберегти навколишнє середовище",정부는 환경을 보호하기 위해 경제를 규제해야 한다
0,1,2,1,The government is needed to break up monopolies and ensure there is fair competition,Der Staat muss Monopole auflösen und einen gerechten Wettkampf sichern,"Государство необходимо, чтобы ликвидировать монополии и гарантировать честную конкуренцию",La registaro estas bezonata por rompado de monopolioj kaj garantio de honora konkurado,Rząd jest potrzebny do zerwania monopoli i zapewnienia uczciwej konkurencji,C'è bisogno del governo per smantellare i monopoli ed assicurarsi che il mercato rimanga competitivo,Держава потрібна для ліквідації монополій та забезпечення чесної конкуренції,정부는 독점을 끝내고 공정한 경쟁이 이루어지도록 해야 한다
0,1,3,-1,Government regulations rarely completely solve the problem they intended to fix,"Staatliche Regulierungen lösen selten wirklich das Problem, das sie beseitigen wollten","Государственное регулирование редко полностью решает проблемы, на которые нацелено","Registaraj reguligoj rare plene solvas la problemon, kiun ili intencas solvi","Przepisy rządowe rzadko całkowicie rozwiązują problemy, które chciały rozwiązać",Le regolamentazioni imposte dal governo raramente sono risolvono i problemi per i quali sono state imposte,"Державна регуляція рідко вирішує проблеми, з якими вона мусить боротися",정부의 규제가 고치려고 했던 문제를 완전히 해결하는 경우는 드물다
0,1,1,1,The economy should consist of private companies with some regulations to ensure fair competition,"Die Wirtschaft sollte aus privaten Unternehmen mit einigen Regulierungen bestehen, um gerechten Wettkampf zu sichern","Экономика должна состоять из частных компаний, регулируемых лишь для защиты честной конкуренции",La ekonomio konsistu el privataj kompanioj kun iom da reguligoj por honora konkurado,"Gospodarka powinna składać się z prywatnych firm z pewnymi przepisami, aby zapewnić uczciwą konkurencję","L'economia dovrebbe consistere di aziende private regolamentate, così da garantire competizione leale tra di esse","Економіка повинна складатися з приватних компаній та підприємств, обмежених лише певними регуляціями з метою підтримки чесної конкуренції",경제는 공정한 경쟁을 보장하기 위해 일부 규정된 민간기업으로 구성되어야 한다
0,1,1,1,Consumer protection laws to ensure products are safe are important,"Verbraucherschutzgesetze, die dafür sorgen, dass Produkte sicher sind, sind wichtig","Законы по защите прав потребителей, гарантирующие безопасность товаров, важны","Konsumantprotektaj leĝoj, kiuj garantias sendanĝerecon de produktoj, estas gravaj",Ważne są przepisy dotyczące ochrony konsumentów zapewniające bezpieczeństwo produktów,"Le leggi a tutela del consumatore, che si assicurano che un prodotto sia sicuro, sono importanti","Закони по захисту прав споживачів, які регулюють якість товару, є важливими",제품의 안전을 보장하기 위한 소비자 보호법이 중요하다
0,2,4,1,The government should not regulate the economy at all,Der Staat sollte die Wirtschaft gar nicht regulieren.,Государство вообще не должно регулировать экономику,La registaro devas entute ne reguli la ekonomion,Rząd w ogóle nie powinien regulować gospodarki,Lo stato non dovrebbe imporre regolamentazioni sull'economia,Держава взагалі не повинна регулювати економіку,정부는 절대로 경제를 규제하면 안된다
0,2,4,1,Everything that can be left to the free market should be,"Alles, was dem freien Markt überlassen werden kann, sollte es auch","На свободный рынок должны быть оставлены все задачи, которые он способен решить",Ĉio lasebla por libera merkato devas esti lasita por ĝi,"Wszystko, co można pozostawić wolnemu rynkowi, powinno być", Dovremmo lasciare di competenza al libero mercato tutto ciò che possiamo,"Усе, що може управлятися законами вільного ринку, має належати йому",자유시장에 맡겨질 수 있는 모든 것은 자유시장에 있어야 한다
0,2,3,1,The government should never break up a company,Der Staat sollte niemals ein Unternehmen schließen,Государство никогда не должно разделять компании,La registaro ne rajtu disigi kompaniojn,Rząd nigdy nie powinien rozkładać firmy,Lo stato non dovrebbe mai smantellare o dividere un'azienda privata,Держава ніколи не маємати права ліквідовувати компанії,정부는 결코 회사를 해체해서는 안된다
0,2,3,1,Government intervention in the economy almost always makes the economy worse,Staatliche Eingriffe in der Wirtschaft macht es fast immer schlimmer,Вмешательство государства в экономику почти всегда ослабляет её,Ekonomia interveno de la registaro preskaŭ ĉiam plimalbonigas la ekonomion,Interwencja rządowa w gospodarce prawie zawsze pogarsza sytuację gospodarczą,Gli interventi del governo nell'economia non possono che peggiorare la situazione,Втручання держави в економіку майже завжди тільки шкодить їй,경제에 대한 정부의 개입은 거의 항상 경제를 악화시킨다
0,2,3,1,The market will always make the best product unless the government intervenes,"Der Markt wird immer die besten Produkte machen, außer der Staat greift ein","Рынок всегда поставит лучший продукт без государственного вмешательства","La merkado ĉiam faros la plej bonajn produktojn, nur se la registaro ne intervenos","Rynek zawsze będzie najlepszym produktem, chyba że rząd zainterweniuje","Il mercato crea sempre i prodotti migliori, a meno che lo stato intervenga","Вільний ринок завжди вироблятиме найкращий товар, якщо держава не буде у нього втручатися",시장은 정부가 개입하지 않는 한 항상 최고의 제품을 만들 것이다
0,2,2,1,Excessive government intervention hurts the economy,Übermäßiges Einschreiten des Staates schadet der Wirtschaft,Чрезмерное вмешательство государства всегда наносит ущерб экономике,Ekscesa interveno de la registaro damaĝas la ekonomion ,Nadmierna interwencja rządu szkodzi gospodarce,L'eccessivo interventismo economico fa male all'economia,Занадто велике втручання держави в економіку шкодить їй,정부의 지나친 개입은 경제를 해친다
0,2,3,-1,Oppression by corporations is a much more real threat than oppression by the government,"Unterdrückung durch Unternehmen ist eine größere wirkliche Gefahr, als Unterdrückung durch die Regierung","Угнетение корпорациями — более реальная угроза, нежели угнетение государством",Opreso fare de korponacioj estas multe pli ebla minaco ol opreso fare de la registaro,Ucisk ze strony korporacji jest znacznie bardziej realnym zagrożeniem niż ucisk ze strony rządu,L'oppressione da parte di grandi multinazionali è un pericolo più reale che l'oppressione da parte dello stato,"Утиск зі сторони корпорацій - набагато більш реальна загроза, ніж утиск зі сторони держави",기업에 의한 억압은 정부에 의한 억압보다 실질적으로 훨씬 더 위협적이다
0,2,1,1,Competition generally makes the economy better,Wettkampf generell macht die Wirtschaft besser,Конкуренция обычно укрепляет экономику,Konkurado ĝenerale plibonigas la ekonomion,Konkurencja ogólnie poprawia gospodarkę,"La competizione, in generale, migliora l'economia",Конкуренція в цілому зміцнює економіку,경쟁은 일반적으로 경제를 더 좋게 만든다
0,2,1,1,Capitalism is better than any existing alternative,Kapitalismus ist besser als jede existierende Alternative,Капитализм превосходит любые существующие ему альтернативы,Kapitalismo estas pli bona ol ajna ekzistanta alternativo,Kapitalizm jest lepszy niż jakakolwiek istniejąca alternatywa,Il capitalismo è la migliore tra le alternative che abbiamo,Капіталізм краще за будь-які наразі існуючі альтернативи,자본주의가 기존의 어떤 대안보다 낫다
1,0,4,1,It should be legal to scream fire in a crowded building when there's no fire,"Es sollte erlaubt sein in einem vollem Gebäude Feuer zu schreien, obwohl dort keins ist","Нельзя законодательно запрещать кричать «Пожар!» в здании с кучей людей, когда никакого пожара нет","Devas esti neleĝe krei pri incendio en ejo, plena de homoj, kie estas neniu incendio","Krzyczenie „ogień” w zatłoczonym budynku powinno być legalne, gdy nie ma ognia",Dovrebbe essere legale urlare «Al fuoco!» in un edificio affollato anche se non c'è nessun incendio,"Не можна законодавчо забороняти кричати «Пожежа!» у будинку з великою кількістю людей, коли пожежі немає",불이 나지 않을 때 사람이 많은 건물에서 불을 지르는 것은 합법적이어야 한다
1,0,4,1,There should be no police force,Es sollte keinen Polizeiapparat geben,Полиции не должно существовать,Policaj forcoj devas ne esti,Nie powinno być policji,La polizia non dovrebbe esistere,Поліції не має існувати,경찰이 있어서는 안 된다
1,0,3,1,There should be no legal repercussions for using extremely offensive language,Es sollte keine rechtlichen Folgen haben extrem beleidigende Sprache zu verwenden,Крепкие ругательства и мат не должны преследоваться по закону,Uzado de ekstreme ofendigaj vortoj devas ne havi leĝajn sekvojn,Używanie wyjątkowo obraźliwego języka nie powinno mieć prawnych konsekwencji,Non ci dovrebbero essere ripercussioni legali per l'uso di linguaggio estremamente volgare o offensivo,Ненормативна та аґресивна лексика не має заборонятися законом,극도로 불쾌한 언어를 사용하는 것에 대해 법적인 영향이 없어야 한다
1,0,3,1,There should be no legal repercussions for supporting any ideology,Es sollte keine rechtlichen Folgen haben eine Ideologie zu unterstützen,Поддержка любой идеологии не должна преследоваться по закону,Subtenado de ajna ideologio devas ne havi leĝajn sekvojn,Nie powinno być żadnych skutków prawnych dla wspierania jakiejkolwiek ideologii,Non ci dovrebbero essere ripercussioni legali per il supporto ad una certa ideologia politica,Слідування будь-якій ідеології не має переслідуватися законом,어떤 이념을 지지하는 데 법적인 영향이 있어서는 안 된다
1,0,2,1,Cracking down on speech usually makes what you were trying to censor spread more,"Hart gegen Meinungen vorzugehen lässt für gewöhnlich, das was man versucht zu zensieren, schneller verbreiten","Суровое притеснение взглядов обычно лишь способствует распространению цензурируемого","Forta subpremo de opinioj kutime popularigas tion, kion oni provas cenzuri","Utrudnianie w wyrażaniu opinii zwykle oznacza, że ​​to, co próbujesz cenzurować, rozprzestrzenia się szybciej",La censura non fa altro che contribuire alla diffusione di ciò che si voleva condannare,"Жорстке придушення певної ідеї лише пробуджує інтерес до неї та стимулює росповсюдження того, що намагаються зацензурити",말을 단속하면 대개 검열하려던 것이 더 확산된다
1,0,2,1,Freedom of speech is an important concept,Meinungsfreiheit ist ein wichtiges Konzept,Свобода слова — это важная концепция,Libero de parolo estas grava koncepto,Wolność słowa to ważna koncepcja,La libertà di parola è un un valore importante,Свобода слова - це важлива концепція для суспільства,언론의 자유는 중요한 개념이다
1,0,2,1,Protesting is a way of showing patriotism,Protestieren ist ein Weg Patriotismus zu zeigen,Протесты — проявление патриотизма,Protestoj estas maniero montri patriotismon,Protestowanie jest sposobem pokazania patriotyzmu,La protesta è una forma di patriottismo,Протест - це прояв патріотизму,항의하는 것은 애국심을 보여주는 방법이다
1,0,2,1,Police should be regulated more,Die Polizei sollte mehr reguliert werden,Деятельность полиции должна регулироваться жёстче,Oni devas reguli policon pli multe,Policja powinna podlegać większej regulacji,La polizia dovrebbe essere più controllata,Діяльність поліції повинна бути під жорсткішим наглядом,경찰은 더 많은 규제를 받아야 한다
1,0,2,1,Whistleblowers should be strongly protected,Informanten sollten stark beschützt werden,Разоблачителей тайн необходимо сильно защищать,Oni devas protekti malkaŝantojn pli forte,Informatorzy powinni być silnie chronieni,Gli informatori dovrebbero essere messi sotto protezione,Викривачів таємниць потрібно сильно захищати,내부고발자는 강력하게 보호되어야 한다
1,0,1,1,I support the right for people I disagree with to voice their opinions,"Ich unterstütze das Recht von Leuten, denen ich nicht zustimme, ihre Meinung zu teilen","Я поддерживаю право выражения мнения для тех, с кем я не согласен","Mi subtenas rajton esprimi sian opinion de homoj, kun kiuj mi malkonsentas","Popieram prawo osób, z którymi się nie zgadzam, do wyrażania swoich opinii",Io supporto il diritto di parola anche di chi non la pensa come me,"Я не проти того, щоби ті, з ким я не згоден, також могли вільно висловлювати свою думку",나는 내가 동의하지 않는 사람들이 그들의 의견을 말할 권리를 지지한다
1,0,1,1,The government has no business looking into most people's personal lives,Es ist nicht die Sache des Staats das persönliche Leben von den meisten Leuten zu beobachten,"Личная жизнь большинства граждан — не дело государства",La registaro ne havas kaŭzon por observi personan vivon de plejaj homoj,Rząd nie ma biznesu w zajmowaniu się życiem osobistym większości ludzi,Lo stato non ha ragione di interessarsi alle vite private dei cittadini,Держава не має права сувати свій ніс в особисте життя більшості своїх громадян,정부는 대부분의 사람들의 사생활을 조사할 필요가 없다
1,0,1,1,The government should not prosecute people for expressing an opinion,Der Staat sollte keine Leute dafür bestrafen eine Meinung kundzutun,Государство не должно преследовать людей за выражение своего мнения,La registaro devas ne puni homojn pro esprimado de ilia opinio,Rząd nie powinien ścigać ludzi za wyrażanie opinii,Lo stato non dovrebbe processare i suoi cittadini per aver espresso un'opinione,Держава не має переслідувати людей за вираження своєї думки,정부는 의견을 표명했다고 사람들을 기소해서는 안 된다
1,1,4,1,Those who disagree with the government should be removed from the country,"Die, die mit der Regierung nicht übereinstimmen, sollten aus dem Land entfernt werden","Необходимо выселять из страны тех, кто не согласен с её властями","Homoj, kiuj malkonsentas kun la registaro, devas esti forigitaj de la lando","Ci, którzy nie zgadzają się z rządem, powinni zostać usunięci z kraju",Chi è in disaccordo con lo stato dovrebbe essere rimosso dal territorio nazionale,"Необхідно виселити з країни людей, які незгодні з її урядом",정부에 동의하지 않는 사람은 국외로 추방해야 한다
1,1,4,1,Protesting the government should be illegal,Gegen den Staat zu protestieren sollte illegal sein,Необходимо запретить протесты против власти,Protestoj kontraŭ la registaro devas esti neleĝaj,Protestowanie przeciwko rządowi powinno być nielegalne,Protestare contro il governo dovrebbe essere illegale,Потрібно заборонити протестувати проти влади,정부에 항의하는 것은 불법이어야 한다
1,1,3,1,The government should monitor all citizens to combat terrorism,"Die Regierung sollte alle Bürger beobachten, um Terrorismus zu bekämpfen",Государство должно следить за всеми гражданами для борьбы с терроризмом,La registaro devas monitori ĉiujn civitanojn por venki terorismon,Rząd powinien monitorować wszystkich obywateli w celu zwalczania terroryzmu,Il governo dovrebbe monitorare tutti cittadini per prevenire atti terroristici,Уряд мусить слідкувати за усіма громадянами для боротьби з тероризмом,정부는 테러와 싸우기 위해 모든 시민들을 감시해야 한다
1,1,3,1,Police need more power and protection,Die Polizei braucht mehr Macht und Schutz,Полиция должна иметь больше защиты и мощи,Polico devas havi pli da protekto kaj povoj,Policja potrzebuje więcej mocy i ochrony,La polizia ha bisogno di più potere e protezione,Поліції потрібно більше влади й захисту,경찰은 더 많은 권력과 보호가 필요하다
1,1,3,1,"If you have nothing to hide, you should have nothing to fear from the government monitoring your communications","Wenn man nichts zu verbergen hat, sollte man keine Angst davor haben, dass die Regierung die Kommunikation überwacht","У вас нет причин бояться прослушки со стороны властей, если вам нечего скрывать","Se vi ne volas kaŝi ion, vi ne havas kaŭzon por timi komunikobservon de la registaro","Jeśli nie masz nic do ukrycia, nie powinieneś się obawiać, że rząd monitoruje twoje aktywności","Se non hai niente da nascondere, non hai ragione di avere paura nel momento in cui lo stato monitora le tue comunicazioni","Немає причин боятися нагляду чи прослуховування зі сторони держави, якщо тобі немає чого ховати",숨길 것이 없으면 통신 감시하는 정부로부터 두려울 것이 없어야 한다
1,1,2,1,Whistleblowers who leak classified information that costs lives should be prosecuted,"Informanten, die geheime Menschenleben kostende Informationen veröffentlichen, sollten bestraft werden","Разоблачители секретной информции, от которой зависела жизнь людей, должны нести наказание","Homoj, kiuj malkaŝis sekretajn informojn koste de ies vivoj, devas puniĝi","Informatorzy, którzy publikują tajne informacje kosztujące ludzkie życie, powinni zostać ukarani","Se le informazioni riservate rivelate da una talpa finiscono per costare la vita a qualcuno, la talpa dovrebbe poter essere messa a processo","Викривачі секретної інформації, від якої залежать життя людей, повинні понести покарання",생명을 앗아가는 기밀을 누설한 내부고발자는 기소되어야 한다
1,1,2,1,We must sacrifice some freedoms to protect our country from terrorism,"Wir müssen einige unserer Freiheiten opfern, um unser Land vor Terrorismus zu schützen","Мы должны пожертвовать некоторыми свободами, чтобы защитить свою страну от терроризма",Ni oferu iujn liberojn por protekti nian landon de teroristoj,"Musimy poświęcić niektóre swobody, aby chronić nasz kraj przed terroryzmem",Dobbiamo privarci di alcune libertà per proteggere il nostro paese dal terrorismo,"Потрібно пожертвувати деякими свободами, щоби захистити країну від тероризму",우리는 테러로부터 우리나라를 보호하기 위해 약간의 자유를 희생해야 한다
1,1,2,1,Government surveillance is necessary in the modern world,Staatliche Überwachung ist in der modernen Welt notwendig,В наши дни массовая слежка необходима,Registara observo estas necesa en la moderna mondo,Rządowa inwigilacja jest konieczna we współczesnym świecie,La sorveglianza ed il monitoraggio da parte dello stato sono necessari nel mondo moderno,Державний нагляд є необхідним у наші дні,현대 사회에서 정부의 감시는 불가피하다
1,1,1,1,It is important for national security that some materials are classified,"Es ist wichtig für die nationale Sicherheit, dass manche Materialien geheim sind","Для национальной безопасности важно, чтобы некоторая информация держалась под грифом «Секретно»",Estas grave por nacia sekureco resti iujn materialojn en sekreto,"Dla bezpieczeństwa narodowego ważne jest, aby niektóre materiały były tajne",È essenziale per la sicurezza nazionale che alcuni documenti ed informazioni rimangono top secret,"Для національної безпеки важливо, щоби деяка інформація залишалася таємною",일부 자료는 기밀로 분류되는 것이 국가안보에 중요하다
1,1,1,1,The government should have access to the emails of suspected terrorists,Die Regierung sollte Zugang zu den E-Briefen von vermeintlichen Terroristen haben,Правительство должно иметь доступ к перепискам всех подозреваемых в терроризме,La registaro devas havi atingon al retleteroj de suspektatoj je terorismo,Rząd powinien mieć dostęp do wiadomości e-mail podejrzanych o terroryzm,Il governo dovrebbe poter avere accesso alle email di sospetti terroristi,Уряд має мати доступ до листувань усіх підозрюваних у тероризмі,정부는 테러 용의자들의 이메일에 접근할 수 있어야 한다
1,1,1,1,The government should be able to access the phones of convicted criminals to find additional criminals,"Die Regierung sollte Zugang zu den Mobiltelefonen von überführten Verbrechern haben, um weitere Verbrecher zu finden","Власти должны иметь доступ к телефонным разговором осуждённых преступников, чтобы предотвратить новые преступления",La registaro devas havi atingon al telefonoj de kondamnitaj krimuloj por preventi novajn krimojn,Rząd powinien mieć dostęp do telefonów skazanych przestępców w celu znalezienia dodatkowych przestępców,Il governo dovrebbe poter avere accesso ai telefoni dei criminali ormai processati per trovare altri criminali,"Влада має мати доступ до телефонних дзвінків засуджених злочинців, щоби знайти їх прибічників",정부는 추가 범죄자를 찾기 위해 유죄판결을 받은 범죄자들의 전화에 접속할 수 있어야 한다
1,1,3,-1,"The government should never be able to prosecute someone for the truth, even if it is a matter of national security","Die Regierung sollte niemals jemanden für die Wahrheit bestrafen können sollen, auch wenn es eine Sache der nationalen Sicherheit ist","Государство никогда не должно быть вправе наказывать людей за правду, даже если на кону стоит национальная безопасность","La registaro ne rajtu puni iun pro la vero, eĉ se tio estas demando de nacia sekureco","Rząd nigdy nie powinien być w stanie ukarać nikogo za prawdę, nawet jeśli jest to kwestia bezpieczeństwa narodowego","Lo stato non dovrebbe avere il potere di processare qualcuno per aver svelato un segreto, anche in caso compromettesse la sicurezza nazionale","Держава не має права карати людину за правду, навіть якщо на кону стоїть національна безпека",국가 안보의 문제라 하더라도 정부는 결코 진실을 위해 누군가를 기소할 수 없어야 한다
1,2,4,1,People who spread misinformation should be punished,"Menschen die Unwahrheiten verbreiten, sollten bestraft werden",Распростроняющие дезинформацию люди должны нести наказание,Oni devas puni misinformantojn,"Ludzie, którzy rozpowszechniają dezinformację, powinni zostać ukarani",Chi diffonde notizie false non dovrebbe essere punito,"Люди, які розповсюджують дезінформацію, мають бути покарані",잘못된 정보를 퍼뜨린 사람들은 처벌받아야 한다
1,2,4,1,Speculations and facts which cannot be confirmed for certain should never be published,"Spekulationen und Fakten, die nicht eindeutig als richtig erwiesen werden können, sollten niemals veröffentlicht werden","Спекуляции и факты, которые не могут быть однозначно подтверждены, никогда не должны обнародываться",Spekulaĵoj kaj nekonfirmeblaj faktoj devas neniam publikiĝi,"Spekulacje i fakty, których nie można jednoznacznie udowodnić, że są poprawne, nigdy nie powinny być publikowane",Non bisognerebbe mai pubblicare speculazioni e fatti che non possono essere verificati,"Спекуляції та факти, що не можуть бути однозначно доказані, ніколи не мають публікуватися",확실이 확인되지 않는 추측과 사실들은 절대로 공표되어서는 안 된다
1,2,3,1,Social media platforms should be required to remove posts which promote conspiracy theories,"Soziale Netzwerke sollten verpflichtet sein Beiträge, die Verschwörungstheorien unterstützen, zu löschen","Необходимо обязать социальные сети удалять посты, продвигающие конспирологичекие теории","Oni devas postuli de sociaj mediatoj forigi afiŝojn, promovantaj konspriajn teoriojn",Od platform społecznościowych należy wymagać usuwania postów promujących teorie spiskowe,Bisognerebbe imporre ai social media di rimuovere i post che promuovono teorie del complotto,"Потрібно змусити соціальні мережі видаляти пости, які просувають конспірологічні теорії",SNS 플랫폼은 음모론을 조장하는 게시물을 제거하도록 요구되어야 한다
1,2,3,1,You should not have the right to make claims which are provably false,"Man sollte nicht das Recht haben Ansprüche zu stellen, die wahrscheinlich falsch sind",Никто не должен быть в праве делать заведомо ложные утверждения,Oni ne rajtu fari certe neverajn asertojn,"Nie powinno być prawa do wysuwania roszczeń, które mogą być fałszywe",Non dovresti avere il diritto di sostenere teorie che sono state provate false,"Ніхто не має мати права робити твердження, які завідома неправдиві",당신은 허위일 가능성이 있는 주장을 할 권리를 가져서는 안 된다
1,2,2,1,The media should be penalized for reporting false headlines,Die Medien sollten bestraft dafür werden über falsche Schlagzeilen zu berichten,Необходимо ввести штрафы для СМИ за ложные заголовки,Oni devas puni mediatojn pro malveraj titoloj,Media powinny zostać ukarane za tworzenie niewłaściwych nagłówków,I media dovrebbero essere penalizzati per la pubblicazione di titoli non veritieri,Потрібно штрафувати ЗМІ за брехливі заголовки,언론은 잘못된 헤드라인을 보도한 것에 대해 처벌을 받아야 한다
1,2,2,1,Officials who intentionally deceive the population should be in prison,"Beamte, die beabsichtigt die Bevölkerung täuschen, sollten ins Gefängnis kommen","Чиновники, которые умышленно обманывают народ, должны сидеть в тюрьме","Oficistoj, kiuj intence trompas homojn, devas esti en malliberejo","Urzędnicy, którzy celowo oszukują ludność, powinni znajdować się w więzieniu",Funzionari che ingannano volontariamente la popolazione dovrebbero essere messi in prigione,"Політичні лиця, які навмисно обманюють населення, мають сидіти у в'язниці",일부러 국민을 속이는 공무원은 감옥에 있어야 한다
1,2,2,1,Social media should be responsible for fact checking advertisements that they host,"Soziale Netzwerke sollten dafür verantwortlich sein, die Werbungen, die sie schalten einer Faktenüberprüfung zu unterziehen","Социальные сети должны нести ответственность за правдивость рекламы, которая в них публикуется",Sociaj mediatoj devas responsi pri vereco de publikigata en ili reklamo,Media społecznościowe powinny być odpowiedzialne za sprawdzanie faktów w umieszczanych przez nich reklamach,I social media dovrebbero essere resi responsabili di controllare la veridicità dei post sulla loro piattaforma,"Соціальні мережі повинні нести відповідальність за достовірність та правдивість реклами, яка в них публікується",SNS는 자신이 진행하는 광고를 팩트 체크하는 책임을 져야 한다
1,2,1,1,The media should make more of an effort to report facts rather than opinions,Die Medien sollten sich mehr darum bemühen über Fakten anstatt Meinungen zu berichten,"СМИ должны больше стараться над тем, чтобы высказывать факты, чем мнения",Amaskomunikiloj devas pli multe peni raporti pri pli faktoj ol opinioj,"Media powinny zrobić więcej, aby zgłaszać fakty niż opinie",I media dovrebbero impegnarsi di più per riportare i fatti invece che le opinioni,"ЗМІ мають зосередитися на донесенні фактів, а не поглядів",언론은 의견보다는 사실 보도 노력을 더 기울여야 한다
1,2,1,1,The media should report facts even when the media disagrees with the implications of them,"Die Medien sollten über Fakten berichten, auch wenn diese ihren eigenen Schlussfolgerungen widersprechen","СМИ должно сообщать обо всех фактах, даже если они их не устраивают","Amaskomunikiloj devas raporti pri ĉiu faktoj,eĉ se ili ne konsentas kun kiel ĉio okazis","Media powinny zgłaszać fakty, nawet jeśli są one sprzeczne z ich własnymi wnioskami",I media dovrebbero riportare i fatti anche quando sono in disaccordo con le loro implicazioni,"ЗМІ мають публікувати усі факти, навіть якщо вони не згодні з ними",언론이 사실의 함의에 동의하지 않을 때에도 언론은 사실을 보도해야 한다
1,2,2,-1,Truth is relative,Wahrheit ist relativ,Правда относительна,Vero estas rilativa,Prawda jest względna,La verità è relativa,Істина відносна,진실은 상대적이다
1,2,4,-1,"Facts are not real, there are multiple sides to everything","Fakten sind nicht echt, man kann alles aus verschiedenen Blickwinkeln sehen","Фактов не существует, у всего есть несколько сторон","Faktoj estas falsaj, ĉio havas multajn flankojn","Fakty nie są prawdziwe,wszystko widać pod różnymi kątami","Non esistono fatti oggettivi, ci sono solo diverse opinioni","Фактів як таких не існує, у всього є багато сторін",팩트(사실)는 진짜가 아니다. 모든 것에는 다면적인 면이 있다
1,0,1,-1,You should not have complete freedom of speech,Man sollte keine totale Meinungsfreiheit haben,Мы не должны иметь полную свободу слова,Ni ne havu plenan liberon de parolo,Nie powinno być całkowitej wolności słowa,La libertà di parola non dovrebbe essere assoluta,Нам не потрібна абсолютна свобода слова,언론의 완전한 자유를 가져서는 안 된다
2,0,4,1,Gay marriage should be illegal,Ehe unter Homosexuellen sollte illegal sein,Гей-браки должны быть вне закона,Samseksaj edzecoj devas ne esti leĝaj,Małżeństwa jednopłciowe powinny być nielegalne,I matrimoni omosessuali non dovrebbero essere permessi,Одностатеві шлюби мають бути заборонені,동성 결혼은 불법이어야 한다
2,0,4,1,We should have a national religion,Wir sollten eine nationale Religion haben,У нас должна быть официальная религия,Ni havu naican religion,Powinniśmy mieć religię narodową,Dovremmo avere una religione di stato,Нам потрібна офіційна національна релігія,우리는 국교를 가져야 한다
2,0,3,1,Premarital sex should be illegal,Vorehelicher Geschlechtsverkehr sollte illegal sein,Секс до свадьбы должен быть запрещён,Preedziĝa seksumo devas esti neleĝa,Seks przedmałżeński powinien być nielegalny,Il sesso prematrimoniale dovrebbe essere illegale,Секс до шлюбу має бути заборонений,혼전 성관계는 불법이어야 한다
2,0,3,1,Religious values should be taught in all schools,Religiöse Werte sollten in allen Schulen gelehrt werden,Религиозные ценности должны преподаваться во всех школах,Oni devas instrui religiajn valorojn en lernejoj,Wartości religijne powinny być nauczane we wszystkich szkołach,In tutte le scuole dovrebbero essere insegnati i valori religiosi,Релігійні цінності треба викладати у всіх школах,종교적 가치는 모든 학교에서 가르쳐져야 한다
2,0,2,-1,People should be able to volunteer for experimental treatments when they have no treatment and will die if they do not,"Menschen sollten die Möglichkeit haben als Freiwillige bei experimentellen Behandlungen zu dienen, wenn sie keine Behandlung habe und sonst sterben würden","Люди должны иметь возможность добровольно тестировать на себе эксперментальные методы лечения в случае, если без них человек всё равно умрёт","Oni rajtu volontuli eksperimentan resanigon, se ne estas alia resanigo kaj sen ĝi oni mortos","Ludzie powinni mieć możliwość zgłaszania się na leczenie eksperymentalne, gdy nie mają szans na wyleczenie i umrą, jeśli tego nie spróbują",Ci si dovrebbe poter offrire volontario per trattamenti sperimentali quando non si ha ha accesso ad altri trattamenti e quella è l'unica chance di sopravvivere,"Треба дозволити людині добровільно тестувати експерементальні методи лікування, якщо без них вона і так помре","치료법이 없을 때는 실험치료를 자원할 수 있어야 하고, 치료하지 않으면 죽을 것이다"
2,0,2,1,It is important to maintain family values,Es ist wichtig familiäre Werte zu wahren,Поддерживать семейные ценности важно,Subteni familajn varolojn estas grave,Ważne jest zachowanie wartości rodzinnych,È importante mantenere intatti i valori familiari,Потрібно підтримувати сімейні цінності,가족의 가치를 유지하는 것은 중요하다
2,0,2,1,We should have a national language and all immigrants should be required to speak it,"Wir sollten eine Amtssprache haben und alle Immigranten sollten verpflichtet sein, diese zu Sprechen ","У нас должен быть официальный язык, на котором должны уметь разговаривать все мигранты","Ni havu oficialan lingvon, kiun parolu ĉiuj migruloj",Powinniśmy mieć język narodowy i wszyscy imigranci powinni być zobowiązani mówienia w nim,"Dovremmo avere una lingua ufficiale, e tutti i migranti dovrebbero essere tenuti a parlarla",У нас має бути офіційна мова і усі мігранти мусять на ньому спілкуватися,우리는 국어를 가져야 하고 모든 이민자들은 그것을 말하도록 요구되어야 한다
2,0,2,1,The media is biased against traditional values,Die Medien sind gegenüber traditionellen Werten voreingenommen,СМИ ратуют против традционных ценностей,Amaskomunikiloj malsubtenas tradiciajn varolojn,Media są stronnicze w stosunku do tradycyjnych wartości,"I media non sono super partes, tendono ad opporsi ai valori tradizionali",ЗМІ упереджено ставиться до традиційних цінностей й налаштовано проти них,언론은 전통적인 가치에 치우쳐 있다
2,0,2,1,There are only 2 genders,Es gibt nur zwei Geschlechter.,Есть только два гендера,Estas nur du genroj,Istnieją tylko 2 płcie,Esistono solo 2 generi,Є тільки дві статі,성별은 2개뿐입니다
2,0,1,1,Murder and theft should be illegal,Mord und Diebstahl sollte illegal sein,Убийства и воровство должны быть вне закона,Murdoj kaj ŝteloj devas esti neleĝaj,Morderstwa i kradzieże powinny być nielegalne,L'omicidio e il furto dovrebbero essere illegali,Вбивство та крадіжка мають бути поза законом,살인과 절도는 불법이어야 한다
2,0,4,-1,Abortion should always be legal,Abtreibung sollte immer legal sein,Аборты всегда должны быть легальны,Abortigoj devas ĉiam esti leĝaj,Aborcja zawsze powinna być legalna,L'aborto dovrebbe sempre essere legale,Аборти мають завжди бути дозволеними,낙태는 항상 합법적이어야 한다
2,0,2,-1,"It should be legal to alter your infant's DNA to make them stronger, smarter, etc.","Es sollte legal sein, die DNA von Kindern anzupassen, um sie stärker, schlauer, usw. zu machen","Необходимо разрешить изменять геном своих детей, чтобы делать их сильнее, умнее и т.д.","Leĝa devas esti ŝanĝado de genoj de viaj idoj por fari ilin pli fortaj, saĝaj, ktp.","Zmiana DNA dziecka powinna być legalna, aby było silniejsze, mądrzejsze itp.","Dovrebbe essere legale alterare il DNA del proprio figlio per renderlo più forte, intelligente, ecc.","Треба дозволити змінювати геном своїх дітей, з метою зробити їх сильніше, розумніше, т.п.",유아의 DNA를 변형시켜 더 강하고 똑똑하게 만드는 것을 합법화해야 한다
2,1,4,1,"If AI can govern better than humans can, then AI should rule","Wenn künstliche Intelligenz besser als Menschen regieren kann, sollte sie regieren","Если ИИ сможет управлять государством лучше, чем человек, тогда он и должен им управлять","Se AI povos regi pli bone ol homoj, do AI devos regi","Jeśli sztuczna inteligencja może rządzić lepiej niż ludzie, wtedy ona powinna rządzić","Se l'inteligenza artificiale può governare meglio degli umani, allora dovrebbe essere lei a governare","Якщо ШІ зможе керувати суспільствм краще, ніж це робить людина, то він і має цим займатися",AI가 인간보다 더 잘 다스릴 수 있다면 AI가 다스려야 한다
2,1,4,1,Cars should be banned to protect the environment,"Autos sollten verboten werden, um die Umwelt zu schützen","Необходимо запретить автомобили, чтобы защитить окружающую среду",Oni malpermesu aŭtojn por plibonigi la ekologion,Samochody powinny być zakazane w celu ochrony środowiska,Le auto dovrebbero essere messe al bando per proteggere l'ambiente,"Потрібно заборонити автомобілі, щоби захистити навколишнє середовище",환경을 보호하기 위해 자동차는 금지되어야 한다
2,1,4,1,The government should require people to eat healthy,Die Regierung sollte Leute dazu verpflichten gesund zu essen,Государство должно требовать от людей здорово питаться,La registaro postulu homojn manĝi sane,Rząd powinien wymagać od ludzi zdrowego odżywiania się,Il governo dovrebbe richiedere ai cittadini di mangiare cibo salutare,Держава повинна вимагати від населення здорово харчуватися,정부는 사람들에게 건강에 좋은 음식을 먹도록 요구해야 한다
2,1,3,1,Genetic modification research should be legal on humans,Genmodifikationsforschung an Menschen sollte legal sein,Необходимо разрешить исследования по генной модификации на людях,Genomodifadaj studoj sur homoj devas esti leĝaj,Badania nad modyfikacjami genetycznymi u ludzi powinny być legalne,Le modificazioni genetiche sugli umani dovrebbero essere permesse,Дослідження генетичних модифікацій на людях мають бути дозволені,유전자 변형 연구는 인간에게 합법적이어야 한다
2,1,3,1,Guns should be banned for the general population,Schusswaffen sollten für die Allgemeinbevölkerung verboten sein,Простым людям необходимо запретить пользоваться оружием,Ĝeneralaj homoj ne rajtu havi armilojn,Posiadanie broni powinno być nielegalne dla całej populacji,Le armi dovrebbero essere vietate al cittadino comune,Треба заборонити населенню володіти вогнепальною зброєю,총은 일반인을 위해 금지되어야 한다
2,1,3,1,There should be a limit to how many children a person may have to prevent overcrowding the Earth,"Es sollte eine Beschränkung für die Anzahl der Kinder einer Person geben, um Überbevölkerung zu verhindern","Необходимо установить лимит на количество детей в семье, чтобы избежать перенаселения Земли","Por preventi troan loĝatecon de Tero, devas esti lima kvanto de infanoj por ĉiu homo","Powinna istnieć granica liczby dzieci, aby zapobiec przeludnieniu",Ci dovrebbe essere un limite a quanti figli una persona può avere per prevenire la sovrappopolazione della Terra,"Потрібно установити ліміт на кількість дітей у сім'ї, щоби уникнути перенаселення Землі",한 사람이 지구 과밀화를 막기 위해 얼마나 많은 아이들을 가질 수 있는가에 제한이 있어야 한다
2,1,3,1,Private jets should be banned,Privatflugzeuge sollten verboten werden,Необходимо запретить личные самолёты,Privataj aeroplanoj devas esti malpermesitaj,Prywatne odrzutowce powinny zostać zakazane,I jet privati dovrebbero essere vietati,Треба заборонити приватні літаки,개인 제트기는 금지되어야 한다
2,1,2,1,Plastic straws should be banned,Plastiktrinkröhrchen sollten verboten werden,Необходимо запретить пластиковые трубочки,Plastikaj ŝalmoj devas esti malpermesitaj,Słomki z tworzyw sztucznych powinny zostać zakazane,Le cannucce di plastica dovrebbero essere messe al bando,Потрібно заборонити пластикові соломинки,플라스틱 빨대는 금지되어야 한다
2,1,2,1,We should put effort into expanding civilization beyond earth,Wir sollten uns bemühen unsere Zivilisation außerhalb der Erde auszubreiten,Мы должны прикладывать усилия к распространению нашей цивилизации за пределы Земли,Ni penu etedi la civilon eksteren de Tero,Powinniśmy starać się rozszerzać cywilizację poza Ziemię,Dovremmo collettivamente impegnarci per espandere la nostra civilizzazione oltre la Terra,"Нам треба докладати зусиль, щоби розповсюдити нашу цивілізацію за межі Землі",우리는 지구를 넘어 문명을 확장하기 위해 노력해야 한다
2,1,1,1,Climate change is a real threat,Klimawandel ist eine wirkliche Gefahr,Изменение климата — это реальная угроза, Klimataj ŝanĝoj estas vera minaco,Zmiany klimatyczne są prawdziwym zagrożeniem,Il cambiamento climatico è un serio problema,Зміна клімату - реальна загроза,기후변화는 진짜 위협이다
2,1,1,1,Technological progress is always good,Technologischer Fortschritt ist immer gut,Технический погресс — это всегда хорошо,Teknologia progreso ĉiam estas bona,Postęp technologiczny jest zawsze dobry,Il progresso tecnologico è sempre positivo,Технологічний прогрес - це завжди на краще,기술적 진보는 항상 좋다
2,1,1,1,Automation has the potential to give significant benefits to humanity,Automatisierung hat das Potenzial der Menschheit signifikante Vorteile zu erbringen,У автомативации есть шанс принести значительную пользу человечеству,Aŭtomatigo povas doni signifan ution al la homaro,Automatyzacja może przynieść ludzkości znaczne korzyści,L'umanità ha il potenziale di trarre grandi benefici dall'automazione,Автоматизація має шанс принести значну користь людству,자동화는 인류에게 상당한 혜택을 줄 수 있는 잠재력을 가지고 있다
2,1,1,1,Evolution should be taught in schools,Die Evolutionstheorie sollte in Schulen gelehrt werden,Теорию эволюции необходимо преподавать в школах,Oni devas instrui la evolucian teorion en lernejoj,Teorii ewolucji należy uczyć w szkołach,La teoria dell'evoluzione dovrebbe essere insegnata nelle scuole,Еволюційне вчення повинно викладатися у школах,진화는 학교에서 가르쳐야 한다
2,2,4,1,All drugs should be legal for the adult population,Alle Drogen sollten für die erwachsene Bevölkerung legal sein,Все виды наркотиков должны быть разрешены для взрослых людей,Ĉiuj narkotikaĵoj devas esti leĝaj por ĉiuj adoltoj,Wszystkie środki odurzające powinny być legalne dla dorosłych,Tutte le droghe dovrebbero essere legali per la popolazione adulta,Усі види наркотичних речовин мають бути дозволені для дорослого населення,모든 약은 성인들에게 합법적이어야 한다
2,2,1,-1,It is sometimes necessary to ban some substances from the general population,Manchmal ist es notwendig bestimmte Substanzen für die Allgemeinbevölkerung zu verbieten,Иногда необходимо запрещать некоторые вещества для обычных людей,Oni iutempe devas malpermesi iujn substanciojn por ĝeneralaj homoj,Czasami konieczne jest wprowadzenie zakazu stosowania niektórych substancji dla ogółu populacji,"È necessario, a volte, vietare alcune sostanze ai cittadini",Інколи потрібно забороняти населенню доступ до деяких речовин,때로는 일반 대중으로부터 일부 물질을 금지할 필요가 있다
2,2,3,1,Prostitution should be legal,Prostitution sollte legal sein,Проституция должна быть легальной,Prostituado devas esti leĝa,Prostytucja powinna być legalna,La prostituzione dovrebbe essere legale,Проституція повиння бути легальною,매춘은 합법적이어야 한다
2,2,3,1,Marijuana should be legal for the adult population,Marihuana sollte für die erwachsene Bevölkerung legal sein,Марихуана должна быть легальной для взрослых,Mariĥuano devas esti leĝa por adoltoj,Marihuana powinna być legalna dla dorosłych,La marijuana dovrebbe essere legale per la popolazione adulta,Марихуана має бути дозволеною для дорослих,마리화나(마약)는 성인들에게 합법적이어야 한다
2,2,2,1,Pornographic materials should be legal for the adult population,Pornografische Materialien sollten für die erwachsene Bevölkerung legal sein,Порнографические материалы должны быть легальными для взрослых,Pornografiaĵoj devas esti leĝaj por adoltoj,Materiały pornograficzne powinny być legalne dla dorosłych,Materiali pornografici dovrebbero essere legali per la popolazione adulta,Порнографічні матеріали мають бути легальними для дорослих,음란물은 성인들에게 합법적이어야 한다
2,2,2,1,Smoking should be legal,Rauchen sollte legal sein,Курение должно быть легальным,Fumado devas esti leĝa,Palenie powinno być legalne,Fumare dovrebbe essere legale,Паління має бути легальним,흡연은 합법적이어야 한다
2,2,1,1,The government should not officially support any religion (or lack of religion),Die Regierung sollte offiziell keine Religion unterstützen (oder,Государство не должно официально поддерживать какую-либо религию (или её отсутствие),La registaro ne subtenu ajnan religion (aŭ mankon de ĝi),Rząd nie powinien oficjalnie wspierać żadnej religii (lub braku religii),Lo stato non dovrebbe supportare ufficialmente nessuna religione (o assenza di esse),Уряд не має офіційно підтримувати яку-небудь релігію (чи її відсутність),정부는 어떤 종교(또는 종교의 결여)도 공식적으로 지지해서는 안 된다
2,2,1,1,Freedom of religion is an important concept,Religionsfreiheit ist ein wichtiges Konzept,Свобода верисповедания — это важная концепция,Libero de religio estas grava koncepto,Ważna jest wolność wyznania,La libertà di fede è un valore importante,Свобода віросповідання - це важлива концепція,종교의 자유는 중요한 개념이다
3,0,4,1,Constant war is needed to make an economy thrive,Konstanter Krieg ist nötig damit die Wirtschaft gedeiht,"Постоянные войны необходимы, чтобы держать экономику в тонусе",Konstantaj militoj estas bezonataj por prosperigi la ekonomion,"Potrzebna jest ciągła wojna, aby gospodarka mogła się rozwijać",È necessario essere costantemente in guerra per far crescere l'economia,Постійна війна необхідна для процвітання економіки,경제를 번영시키기 위해서는 끊임없는 전쟁이 필요하다
3,0,4,1,My nation should conquer other nations,Mein Land sollte andere Länder erobern,Моя нация должна завоёвывать другие нации,Mia nacio devas konkeri aliajn naciojn,Mój naród powinien podbić inne narody,La mia nazione dovrebbe conquistare altre nazioni,Моя нація має завойовувати інші нації,우리나라는 다른나라를 정복해야 한다
3,0,3,1,There is nothing wrong with taking the resources of weaker nations,"Es ist nichts falsch daran, die Rohstoffe schwächerer Länder zu nehmen",Нет ничего плохого в изымании ресурсов у более слабых стран,Estas nenio malbona en prenado de resursoj de malpli fortaj nacioj,Nie ma nic złego w przyjmowaniu zasobów słabszych narodów,Non c'è niente di male nel prendere le risorse di altre nazioni più deboli,"Немає нічого поганого у тому, щоби забирати ресурси у слабкіших народів",약소국의 자원을 빼앗는 것은 아무 문제가 없다
3,0,3,1,Leaders who oppose our interests should be toppled,"Führer, die unseren Interessen widersprechen, sollten gestürzt werden","Лидеры, противящиеся нашим интересам, должны быть свергнуты","Regestroj, kiu kontraŭas al niaj interesoj devas esti renversitaj","Liderzy, którzy sprzeciwiają się naszym interesom, powinni zostać obaleni",I leader internzionali che si oppongono ai nostri interessi dovrebbero essere spodestati,"Треба скидати лідерів, які перечать нашим інтересам",우리의 이익에 반대하는 지도자들은 쓰러져야 한다
3,0,3,1,International law should not bind my nation,Internationale Gesetze sollten nicht verpflichtend für mein Land sein,Международнее законодательство не должно ограничивать мою страну,Internaciaj leĝoj devas ne limigi mian nacion,Międzynarodowe prawo nie powinno być wiążące dla mojego kraju,La legge internationale non dovrebbe limitare la mia nazione,Міжнародне право не має обмежувати мою країну,국제법은 우리나라를 구속해서는 안 된다
3,0,2,1,"If a nation produces materials for us for a low price using cheap labor, we should still buy","Wenn ein Land für uns Waren billig mit günstigen Arbeitskräften herstellt, sollten wir weiterhin dort kaufen","Если страна производит для нас продукцию, используя для этого дешёвый труд, мы не должны отказываться от сделки","Se nacio produktas por ni ĉipajn materialojn, uzante ĉipan laborforcon, ni daŭre devas aĉeti ilin","Jeśli dane państwo produkuje dla nas materiały za niską cenę przy użyciu taniej siły roboczej, powinniśmy nadal je kupować","Anche se una nazione usa manodopera a basso costo per abbassare i costi di produzione, dovremmo comunque comprare i loro prodotti","Якщо держава виробляє для нас продукцію, використовуючи дешеву робочу силу, ми не повинні від неї відмовлятися","한 국가가 값싼 노동력을 이용해 저렴한 가격에 우리들을 위해 재료를 생산한다면, 우리는 여전히 구매해야 한다"
3,0,2,1,My nation should only help other nations when it suits our interests,"Mein Land sollte anderen Ländern nur helfen, wenn es unseren Interessen entspricht","Мы должны помогать другим странам только тогда, когда это соответствует нашим интересам",Ni helpu aliajn naciojn nur se tio ne kontraŭas al niaj interesoj,"Mój naród powinien pomagać innym narodom tylko wtedy, gdy jest to zgodne z naszymi interesami",La mia nazione dovrebbe solo aiutare altre nazioni quando ne trae vantaggio,"Ми повинні допомагати іншим країнам тільки тоді, коли це вигідно для наших інтересів",우리나라는 우리의 이익에 부합할 때만 다른 나라들을 도와야 한다
3,0,1,1,It is important for a government to maintain a strong military so that it can have global influence,"Es ist wichtig für einen Staat militärisch stark zu sein, um weltweiten Einfluss zu haben","Государство должно иметь и поддерживать сильную армию, чтобы иметь мировое влияние",Estas grave por registaro teni fortan militistaron por havi influon al la tutmondo,"Ważne jest, aby państwo było militarnie silne, aby mieć globalny wpływ",È importante che la mia nazione mantenga un esercito potente così da poter avere un influenza globale,"Держава має підтримувати сильну армію, щоби мати вплив на глобальну політику",정부가 강력한 군대를 유지해 세계적 영향력을 행사할 수 있도록 하는 것이 중요하다
3,0,1,1,A nation without a military is a weak nation,"Eine Nation ohne Militär, ist eine schwache Nation",Нация без армии — это слабая нация,Nacio sen militistaro estas malforta nacio,Naród bez wojska jest słaby,Una nazione senza un esercito è una nazione debole,Нація без армії - це слабка нація,군대 없는 나라는 약한 나라다
3,0,1,-1,Diplomatic options should always be tried before war is even considered,"Diplomatische Lösungen sollten immer bevorzugt werden, bevor überhaupt an Krieg gedacht wird",Дипломатические методы должны применяться всегда ещё даже до объявления войны, Diplomatiaj manieroj devas elproviĝi antaŭ oni eĉ supozos militon,"Opcje dyplomatyczne należy zawsze wypróbować, zanim wojnę się w ogóle uwzględni",Bisogna sempre tentare di risolvere crisi internazionali attraverso una via diplomatica prima di considerare di entrare in guerra,"Завжди варто обдумати дипломатичний варіянт вирішення конфлікту перед тим, як оголошувати війну",외교적 선택은 전쟁이 고려되기 전에 항상 시도되어야 한다
3,0,2,-1,Overthrowing our enemies usually makes the situation worse than how it started,Unsere Feinde zu stürzen macht die Situation normalerweise schlimmer als sie begonnen hat,"Свержение вражеского строя обычно делает ситуацию лишь ещё хуже, чем до этого",Renverso de niaj malamikoj kutime faras la situation pli malbona ol en la komenco,"Obalenie naszych wrogów zwykle pogarsza sytuację, niż była",Rovesciare i governi dei nostri nemici di solito non fa altro che peggiorare la situazione,"Скидання уряду ворожої держави призводить до ще гіршої ситуації, ніж раніше",우리의 적들을 타도하는 것은 보통 상황을 어떻게 시작했는지보다 더 악화시킨다
3,0,3,-1,Military spending is a waste of money,Investitionen in das Militär sind Geldverschwendung,Военные расходы — это пустая трата денег,Militaj elspezoj estas perdo de mono,Wydatki na wojsko to strata pieniędzy,La spesa militare è uno spreco di soldi,Військові витрати - це непотрібне марнотратство,군비 지출은 돈 낭비다
3,1,4,1,Any deals that another nation wants must be bad for us,"Jegliche Abkommen, die andere Nationen möchten, müssen schlecht für uns sein",Любые сделки с другими нациями по их инициативе идут нам лишь во вред,Ajanaj kontraktoj kun aliaj nacioj laŭ ilia volo ĉiam estas malbonaj por ni,"Wszelkie umowy, których chce inny naród, muszą być dla nas złe","Qualsiasi accordo voluto da un'altra nazione, non può che essere svantaggioso per la mia",Будь-яка угода з іншими націями за їхньою ініціативою є шкідливою для нас,다른나라가 원하는 모든 거래는 우리에게 나쁠 것이다
3,1,4,1,Our nation would do better if it did not involve itself with other nations,"Unserem Land würde es besser gehen, wenn es sich nicht mit anderen Nationen verwickeln würde",Нашей нации было бы лучше не вступать ни в какие отношения с другими нациями,Estas pli bona por nia nacio ne interagi kun aliaj nacioj,"Lepiej byłoby naszemu krajowi, gdyby nie zaangażował się z innymi narodami",La nostra nazione starebbe meglio se non si facesse coinvolgere in ciò che fanno altre nazioni,Для нашої нації найкращим було би не вступати ні у які відносини з іншими націями,우리나라는 다른나라들과 함께 하지 않는다면 더 잘 할 것이다
3,1,3,1,Our nation should never initiate a war,Unser Land sollte niemals einen Krieg beginnen,Наша нация никогда не должна объявлять кому-либо войну,Nia nacio neniam komencu militojn,Nasz naród nigdy nie powinien wywołać wojny,La nostra nazione non dovrebbe mai dare l'avvio ad un conflitto militare,Наша нація ніколи не має оголошувати іншим війну,우리나라는 결코 전쟁을 일으켜서는 안 된다
3,1,3,1,We should make products in our own nation whenever possible,"Wir sollten Produkte in unserem eigenen Land, wann immer möglich, herstellen",Мы должны делать по возможности всю продукцию у себя в стране,Ni devas fari produktojn laŭeble nur en nia propra lando,W miarę możliwości powinniśmy wytwarzać produkty w naszym kraju,Dovremmo produrre più beni possibili all'interno della nostra nazione,"Ми завжди мусимо виробляти продукцію у своїй країні, якщо це можливо",우리는 가능할 때마다 우리나라에서 제품을 만들어야 한다
3,1,2,1,"It is a waste of our soldiers and resources to topple other governments, regardless of what they do","Es ist eine Verschwendung unserer Soldaten und Rohstoffe andere Regierungen zu stürzen, ganz gleich was sie tun","Свержение чужих режимов, что бы они не творили, — это пустая трата людей и ресурсов",Renverso de aliaj registaroj estas perdo de soldatoj kaj resursoj malgraŭ kion ili faras,"Marnotrawstwem naszych żołnierzy i zasobów jest obalenie innych rządów, bez względu na to, co robią","È uno spreco di vite umane e risorse cercare di rovesciare governi stranieri, indipendentemente dalle loro azioni","Скидання урядів інших держав це марна витрата солдатів та ресурсів, незалежно від того, що вони роблять",다른 정부를 쓰러뜨리는 것은 그들이 무엇을 하든 간에 우리 군인과 자원의 낭비다
3,1,2,1,"We must respect the sovereignty of other nations, even those who go against our principles","Wir müssen die Souveränität anderer Nationen respektiere, auch wenn sie gegen unsere Prinzipien sind","Мы должны уважать суверенитет других государств, даже тех, которые выступют против наших принципов","Ni respektu suverenon de ailaj landoj, eĉ tiuj, kiuj kontraŭas al niaj principoj","Musimy szanować suwerenność innych narodów, nawet tych, którzy łamią nasze zasady","Dobbiamo rispettare la sovranità delle altre nazioni, anche di quelle che vanno contro i nostri principi","Ми повинні поважати суверенітет інших народів, навіть тих, що виступають проти наших принципів","우리는 다른나라의 주권을 존중해야 하며, 심지어 우리의 원칙에 반하는 자도 존중해야 한다"
3,1,1,1,My nation should focus primarily on domestic policy,Meine Nation sollte sich vorrangig auf Innenpolitik fokussieren,Моё правительство должно сконцентрироваться в первую очередь на внутренней политике,Mia nacio devas enfokusiĝi unue al la ena politiko,Mój naród powinien skoncentrować się przede wszystkim na polityce wewnętrznej,La mia nazione si dovrebbe concentrare principalmente sulla politica interna,Мій уряд має в першу чергу зосередитися на внутрішній політиці,우리나라는 주로 국내정책에 초점을 맞춰야 한다
3,1,1,1,Foreign policy has little influence on most people's daily lives,Außenpolitik hat wenig Einfluss auf den Alltag der meisten Leute,Внешняя политика мало влияет на повседневную жизнь большинства людей,Ekstera politiko havas malgrandan influon al ĉiutaga vivo de plejaj homoj,Polityka zagraniczna ma niewielki wpływ na codzienne życie większości ludzi,La politica estera ha poca influenza sulle vite ordinarie dei cittadini,Зовнішня політика має невеликий вплив на життя більшості населення,외교정책은 대부분의 사람들의 일상생활에 거의 영향을 미치지 않는다
3,1,1,-1,It is important for our government to interact with its neighbours,Es ist wichtig für unsere Regierung mit unseren Nachbarn zu interagieren,Нашему правительству важно взаимодействовать с соседними странами,Estas grave por nia registaro interagi kun ĝiaj najbaroj,"Ważne jest, aby nasz rząd współdziałał z sąsiednimi państwami",È importante che il  governo interagisca con i paesi a noi vicini,Нашій нації необхідно взаємодіяти зі своїми сусідами,우리 정부는 이웃과 교류하는 것이 중요하다
3,1,3,-1,I care that other nations respect my nation,"Ich sorge mich darum, dass andere Länder meines respektieren","Мне есть дело до того, уважают ли мою страну другие страны","Mi zorgas, ĉu aliaj nacioj respektas mian nacion","Dbam o to, aby inne narody szanowały mój naród",È importante per me che le altre nazioni rispettino la mia patria,Мені важлива повага інших народів до моєї нації,나는 다른나라들이 우리나라를 존중해 주길 바란다
3,2,4,1,The world would be better off if countries diplomatically united into a single world government,"Die Welt wäre besser dran, wenn Länder sich diplomatisch in einem Weltstaat vereinigen","Мир был бы лучше, если бы все страны дипломатическим путём объединились в единое мировое правительство","La mondo estus multe pli bone, se ĉiuj landoj diplomatie unuiĝus en unueca tutmonda registaro","Świat byłby lepszy, gdyby kraje zjednoczyły się w jeden rząd światowy",Il mondo migliorerebbe se tutti i paesi si unissero diplomaticamente in un unico governo mondiale,"Світ був би краще, якби усі країни дипломатичним шляхом об'єдналися в єдиний світовий уряд",만약 국가들이 외교적으로 하나의 세계 정부로 통합된다면 세계는 더 나아질 것이다
3,2,4,1,"In order for humanity to survive, we must get past having separate nations","Um das Überleben der Menschheit zu gewährleisten, müssen wir es hinter uns lassen seperate Nationen zu haben","Чтобы выжить, человечество должно отказаться от деления на отдельные нации","Por vivi daŭre, la homaro devas ĉesi dividi sin en apartajn naciojn","Aby zapewnić przetrwanie ludzkości, musimy pozostawić odrębne narody","Perchè l'umanità sopravviva, bisogna superare il concetto di nazione","В ім'я виживання людства, нам необхідно відмовитися від поділу на окремі нації","인류가 살아남기 위해서는, 우리는 별개의 국가를 가진 것을 지나야만 한다"
3,2,3,1,We are first and foremost citizens of Earth,Wir sind an erster Stelle Bürger der Erde,Мы в первую очередь граждане Земли,Ni estas la unuaj civitanoj de Tero,Jesteśmy przede wszystkim obywatelami Ziemi,Siamo prima di tutto cittadini del mondo,У першу чергу ми громадяни Землі,우리는 지구상에서 가장 중요한 시민이다
3,2,3,1,It is our duty to care for the citizens of other countries the same as we care for the citizens of our own,"Es ist unsere Pflicht, uns genauso um die Bewohner anderer Länder zu sorgen wie für die unseres Lands","Мы должны заботиться об иностранных гражданах так же, как и о своих собственных",Estas nia devo zorgi pri civitanoj de aliaj landoj same kiel pri civitanoj de nia propra lando,"Naszym obowiązkiem jest dbać o obywateli innych krajów tak samo, jak o naszych obywateli",È nostro dovere preoccuparci dei cittadini degli altri paesi tanto quanto ci preoccupiamo dei nostri connazionali,"Це наш обов'язок - піклуватися про громадян інших держав так само, як і про своїх",우리 자신의 시민을 배려하는 것과 마찬가지로 다른나라의 시민을 배려하는 것이 우리의 의무다
3,2,3,1,The United Nations should be more powerful,Die Vereinten Nationen sollten mehr Macht haben,Необходимо расширить полномочия ООН,Unuigitaj Nacioj devas havi pli povojn,Organizacja Narodów Zjednoczonych powinna mieć większą siłę,L'ONU dovrebbe avere più poteri,Потрібно надати ООН більше повноважень,유엔은 더 강력해져야 한다
3,2,2,1,I support regional unions such as the European Union,Ich unterstütze regionale Zusammenschlüsse wie die Europäische Union,"Я поддерживаю региональные союзы, по типу Евросоюза","Ni subtenas regionajn uniojn, kiel Eŭropa Unio",Popieram unie regionalne takie jak Unia Europejska,Supporto organizzazioni sovranazionali come l'Unione Europea,"Я підтримую регіональні інтернаціональні організації, на зразок Європейського Союзу",나는 유럽 연합과 같은 지역 연합을 지지한다
3,2,2,1,All governments should be held accountable to the international community for things such as war crimes,"Alle Regierungen sollten von der internationalen Gemeinschaft zur Verantwortung gezogen werden können, für Dinge wie Kriegsverbrechen","Правительства всего мира должны нести ответственность за такие проступки, как военные преступления","Ĉiuj registaroj devas havi responson antaŭ la tutmonda komunumo pro fiaĵoj, kiel militaj krimoj",Wszystkie rządy powinny ponosić odpowiedzialność przed społecznością międzynarodową za sprawy takie jak zbrodnie wojenne,Tutti i governi dovrebbero poter essere chiamti a rispondere davanti alla comunità internazionale per crimini di guerra e azioni simili,"Будь-які уряди мають відповідати перед міжнародною спільнотою за такі речі, як військові злочини",모든 정부는 전쟁범죄와 같은 것에 대해 국제사회에 책임을 져야 한다
3,2,2,1,It is our duty to topple regimes that violate human rights,"Es ist unsere Pflicht Regierungsformen zu stürzen, die Menschenrechte verletzen","Мы должны свергнуть все режимы, которые ущемляют права человека","Ni renversu ĉiujn reĝimojn, kiuj rompas homajn regulojn","Naszym obowiązkiem jest obalenie reżimów, które naruszają prawa człowieka",È nostro dovere rovesciare governi che violano i diritti umani,"Скидати режими, які порушують права людини, це наш обов'язок",인권을 침해하는 정권을 무너뜨리는 것은 우리의 의무다
3,2,1,1,International cooperation is generally beneficial,Internationale Bündnisse sind generell vorteilhaft,Международнее сотрудничество приносит много пользы,Internacia kunlaborado estas ĝenerale utila,Współpraca międzynarodowa jest na ogół korzystna,Generalmente la cooperazione internazionale porta benefici,Міжнародна співпраця в основному приносить користь,국제 협력은 일반적으로 유익하다
3,2,1,1,International alliances are important to protect my nation,"Internationale Bündnisse sind wichtig, um mein Land zu schützen",Международние альянсы важны для защиты моей нации,Internaciaj unioj estas gravaj por protekto de mia nacio,Międzynarodowe sojusze są ważne dla ochrony mojego narodu,Le alleanze internazionali sono importanti per proteggere la mia nazione,Міжнародні альянси важливі для захісту моєї нації,국제 동맹은 내 나라를 지키기 위해 중요하다
3,2,1,1,Nations should cooperate with each other unless there is a compelling reason not to,"Nationen sollten untereinander zusammenarbeiten, außer es gibt einen triftigen Grund es nicht zu tun","Страны всегда должны сотрудничать друг с другом, если только у них нет причины этого не делать","Nacioj devas ĉiam labori kune, se nur ne estas komprenebla kialo ne kunlabori","Narody powinny ze sobą współpracować, chyba że istnieją ważne powody, aby tego nie robić","Le nazioni dovrebbero cooperare tra di loro, a meno che ci sia una chiara ragione per non farlo","Країни завжди мусять співпрацювати один з одним, хіба у них є вагомі причини цього не робити",국가는 서로 협력해야 한다. 그렇지 않을 특별한 이유가 없다면 말이다
3,2,2,-1,Foreign aid is a waste of money,Auslandshilfe ist Geldverschwendung,Помощь другим странам — это пустая трата денег,Helpo al eksteraj landoj estas perdo de mono,Pomoc zagraniczna to strata pieniędzy,Gli aiuti internazionali sono uno spreco di soldi,Допомога іншим країнам це марнотратство,해외 원조는 돈 낭비다
3,2,2,-1,It is important to protect our national identity from other cultures,Es ist wichtig unsere nationale Identität vor anderen Kulturen zu schützen,Важно защитить индентичность моей нации от влияния других культур,Devas esti protekti la indentecon de mia nacio de aliaj kulturoj,"Ważne jest, aby chronić naszą tożsamość narodową przed wpływem innych kultur",Dobbiamo difendere la nostra identità nazionale dalle altre culture,Потрібно захищати нашу національну ідентичність від впливу інших культур,우리의 국가 정체성을 다른 문화로부터 보호하는 것은 중요하다
4,0,4,1,The government would be best if the people directly voted on most issues,"Die Regierung wäre besser, wenn es Volksabstimmungen für die meisten Probleme geben würde","В стране жилось бы лучше, если бы народ непосредственно голосовал по большинству решений","La registaro estus multe pli bona, se ĝi ebligos al homoj rekte voĉdoni pri plejaj demandoj","Rząd byłby najlepszy, gdyby ludzie głosowali bezpośrednio w większości kwestii",Sarebbe meglio se il popolo votasse direttamente su molte questioni,"Держава функціонувала би найкраще, якби народ безпосередньо голосував за більшість рішень",대부분의 사안에 대해 국민이 직접 투표한다면 정부는 가장 좋을 것이다
4,0,4,1,Trials would be better if put directly to popular vote,"Gerichtsverhandlungen wären besser, wenn man eine Volksabstimmung machen würde","Суды работали бы лучше, если решения принимались бы на публичных голосованиях","Juĝado estus pli bone, se ĝi fariĝus per rekta publika voĉdonado","Rozprawy sądowe byłyby lepsze, gdyby ludzie głosowali bezpośrednio w sprawie ich werdyktu",I processi sarebbero più giusti se fossero decisi da un voto popolare,"Суди були б кращими, якби рішення приймалися на громадському голосуванні",대중 투표에 직접 참여한다면 재판이 더 나을 것이다
4,0,3,1,The government should almost always follow the majority opinion,Die Regierung sollte fast immer der Meinung der Mehrheit folgen,Правительство всегда должно следовать мнению большинства,La registaro ĉiam devas sekvi opinion de la plejo,Rząd prawie zawsze powinien podążać za opinią większości,Il governo dovrebbe sempre seguire l'opinione della maggioranza,Уряд завжди має прямувати за думкою більшості,정부는 거의 항상 다수의 의견을 따라야 한다
4,0,3,1,The population as a whole tends to make good decisions,Die Bevölkerung als Ganzes neigt dazu gute Entscheidungen zu treffen,Народ как единое целое будет стремиться принимать хорошие решения,La publiko entute tendencas fari bonajn decidojn,Cała populacja ma tendencję do podejmowania dobrych decyzji,La popolazione nel suo insieme tende a prendere buone decisioni,Населення в цілому схильне приймати правильні рішення,전반적으로 주민들은 좋은 결정을 내리는 경향이 있다
4,0,2,1,A country without fair elections cannot be a good country,"Ein Land ohne gerechte Wahlen, kann kein gutes Land sein",Страна без честных выборов не может быть хорошей страной,Lando sen honoroj elektoj ne povas esti bona lando,Kraj bez uczciwych wyborów nie może być dobrym krajem,Un paese senza giuste elezioni non può essere un buon paese,Країна без чесних виборів не може бути гарною країною,공정한 선거가 없는 나라는 좋은 나라가 될 수 없다
4,0,2,1,Each person should have an identically weighted vote,Jede Person sollte eine gleichwertige Stimme haben,Голос всех людей должен иметь одинаковый вес,Ĉiu persono devas havi voĉon kun egala pezo,Każda osoba powinna mieć tak samo ważny głos,Ogni voto dovrebbe avere lo stesso valore,Голос кожної людини має мати одинакову вагу,각 개인은 평등한 투표권을 가져야 한다
4,0,1,1,People should have the power to choose their leaders,Menschen sollten die Macht haben ihren Führer zu wählen,Народ должен сам выбирать своих лидеров,Homoj havu rajton elekti estrojn por si,Ludzie powinni mieć moc wyboru swoich przywódców,Il popolo dovrebbe avere il potere di scegliere il proprio leader,Народ має мати змогу самому обирати собі лідерів,사람들은 그들의 지도자를 선택할 수 있는 힘을 가져야 한다
4,0,1,1,The government must be by the people for the people,Die Regierung muss vom Volk für das Volk sein,Власть должна быть от народа для народа,La registaro devas esti el la publiko por la publiko,Rząd musi być za ludem dla ludu,"Lo stato deve originare dal popolo, ed agire nel suo interesse",Влада має бути з народу й для народу,정부는 국민을 위해 반드시 국민의 편에 서야 한다
4,0,1,-1,Popular opinion is not always right,Die Volksmeinung ist nicht immer richtig,Мнение большинства не всегда правильно,Populara opinio ne ĉiam estas prava,Większość nie zawsze ma rację,L'opinione popolare non è sempre corretta,Думка більшості не завжди є правильною,대중의 의견이 항상 옳은 것은 아니다
4,0,2,-1,Democracy often allows the majority to infringe on the rights of those who dissent,"Demokratie gibt oft der Mehrheit die Möglichkeit die Rechte derer zu beeinträchtigen, die widersprechen",Демократия часто позволяет большинству наступать на права меньшинства,Demokratio ofte ebligas al la plejo molesti rajtojn de nekonsentuloj,"Demokracja często pozwala większości naruszyć prawa tych, którzy się nie zgadzają",La democrazia spesso permette di infringere i diritti di chi va contro la maggioranza,Демократія часто дозволяє більшості зазіхати на права меншості,민주주의는 종종 다수의 사람들이 반대하는 사람들의 권리를 침해하도록 허용한다
4,0,3,-1,Popular opinion should have little influence on government policy,Die mehrheitliche Meinung sollte kaum Einfluss auf die Regierungspolitik haben ,Мнение большинства должно иметь малое влияние на политику государства,Populara opinio devas havi malgrandan influon al la registara politiko,Opinia popularna powinna mieć niewielki wpływ na politykę rządu,L'opinione popolare dovrebbe avere poca influenza sulle decisoni dello stato,Популярна думка не має мати сильного впливу на політику держави,민심은 정부 정책에 거의 영향을 미치지 않아야 한다
4,1,4,-1,My country should not have elections or votes,"Mein Land sollte weder Wahlen, noch Abstimmungen haben",В моей стране не должно быть выборов или голосований,Mia lando ne havu elektojn aŭ voĉdonadojn,Mój kraj nie powinien mieć wyborów ani głosowań,Il mio paese non dovrebbe avere elezioni,Моя країна не має мати виборів чи голосувань,우리나라는 선거나 투표를 해서는 안 된다
4,1,1,1,A nation must have strong leadership to be successful,"Ein Land muss eine starke Führerschaft haben, um erfolgreich zu sein","Страна должна иметь сильного лидера или лидеров, чтобы процветать",La nacio havu fortan estraron por sukcesi,"Naród musi mieć silne przywództwo, aby odnosił sukcesy",Un paese deve avere una leadership forte per avere successo,"Нація мусить мати сильне керівництво, щоб процвітати",한 나라가 성공하려면 강한 리더십이 있어야 한다
4,1,1,1,The government occasionally needs to do things which aren't popular for the good of its people,"Die Regierung muss manchmal zum Wohle seines Volkes Dinge tun, die nicht gängig sind","Правительству иногда необходимо идти поперёк мнения народа, чтобы этому народу помочь",La registaro iutempe devas fari nepiopularajn aferojn por fari bonon al homoj,"Rząd czasami musi robić rzeczy, które nie są popularne dla dobra jego obywateli",Il governo certe volte deve prendere decisioni impopolari per il bene del popolo,Інколи керівництву необхідно іти всупереч думки населення для його ж блага,정부는 때때로 국민들의 이익을 위해 인기 없는 일을 할 필요가 있다
4,1,2,1,Society could not function without leaders and followers,Eine Gesellschaft kann nicht ohne Führer und Folgende funktionieren,Общество не может существовать без лидеров и подчинённых,Socio ne funkcius sen gvidantoj kaj gvidatoj,Społeczeństwo nie mogłoby funkcjonować bez liderów i naśladowców,La società non potrebbe funzionare senza una gerarchia di persone che comandano e obbediscono,Суспільство не може функціонувати без лідерів та послідовників,지도자와 추종자 없이는 사회가 기능할 수 없다
4,1,2,1,Society requires that some people must have power over others to function,"Eine Gesellschaft erfordert, dass manche Leute Macht über andere haben, um zu funktionieren","Для существования обществу необходимо, чтобы некоторые люди имели власть над другими","Socio necesas, ke iuj homoj regas la aliajn, por funkcii","Społeczeństwo wymaga, aby niektórzy ludzie musieli mieć władzę nad innymi, aby funkcjonować",La società ha bisogno che alcune persone abbiano più potere di altre per funzionare,"Суспільству необхідно, щоби одні люди мали владу над іншими",사회는 어떤 사람들이 다른 사람들보다 더 많은 권력을 가지고 있어야만 제 기능을 할 수 있다고 요구한다
4,1,3,1,"If given the chance, I would implement my ideology in my country, even if most people were against it","Wenn die Möglichkeit bestünde, würde ich meine Ideologie in meinem Land verwirklichen, auch wenn die meisten Leute dagegen wären","Будь у меня возможность, я бы претворил свою идеологию в жизнь, даже если большинство людей будет против","Se mi povus, mi realigos mian ideologion, eĉ se la plejo kontraŭas ĝin","Gdyby istniała taka możliwość, realizowałbym moją ideologię w moim kraju, nawet gdyby większość ludzi była przeciwna","Se potessi implementerei la mia ideologia nel mio paese, anche se la maggioranza delle persone fosse contraria","Якби у мене була можливість, я би встановив в країні свою ідеологію, навіть якщо більшість буде проти","기회가 주어진다면, 대부분의 사람들이 반대하더라도 나는 내 나라에서 내 이데올로기를 실천할 것이다"
4,1,3,1,People who get into power should keep power until they are forced to give it up,"Menschen, die an die Macht kommen, sollten das so lange bleiben, bis sie dazu gezwungen werden aufzugeben","Люди, получившие власть, должны держать её до тех пор, пока их не вынудят её отдать",Homoj kun potenco devas teni ĝin ĝis oni devigos ilin cedi,"Ludzie, którzy dojdą do władzy, powinni zachować władzę, dopóki nie zostaną zmuszeni do jej oddania",Chi arriva al potere dovrebbe restarci finchè non viene forzato a rinunciarvi,"Люди, що отримали владу, мають тримати її тоди, доки їх силою не змусили її віддати",정권을 잡은 사람은 권력을 포기할 때까지 권력을 유지해야 한다
4,1,4,1,A nation should obey its leadership without question,"Eine Nation sollte dessen Führerschaft folgen, ohne zu hinterfragen",Народ должен беспрекословно подчиняться своим лидерам,Nacio obeu sian estraron sendemande,"Naród powinien podążać za swoim przywództwem, nie kwestionując go",Una nazione dovrebbe obbedire ai suoi leader senza discussioni,Народ повинен безперечно підчинятися своїм лідерам,국가는 이의 없이 지도력에 복종해야 한다
4,1,4,1,The government should not tolerate dissenting opinions,Eine Regierung sollte keine widersprechenden Meinungen tolerieren,Правительство не должно терпимо относится к мнению диссидентов,La registaro devas ne toleri kontraŭajn opiniojn,Rząd nie powinien tolerować sprzecznych opinii,Il governo non dovrebbe tollerare opinioni devianti dalla sua,Держава не має толерантно ставитися до інакодумців,정부는 이견을 용납해서는 안 된다
4,1,1,-1,People should question the actions of those in power,Menschen sollten die Taten der Machthaber hinterfragen,Народ должен подвергать сомнению действия своих властителей,Homoj devas skeptike trakti agojn de siaj regantoj,Ludzie powinni móc zakwestionować działania rządzących,Le persone dovrebberro mettere in discussione le azioni di chi è al potere,"Народ має піддавати сумніву дії тих, хто при владі",사람들은 권력자들의 행동에 의문을 가져야 한다
4,2,1,1,The government is larger than it needs to be,Die Regierung ist größer als es nötig wäre,"В правительстве больше людей, чем необходимо",La registaro estas pli granda ol ĝi estu,"Rząd jest większy, niż powinien",Il raggio d'azione dei poteri dello stato è troppo ampio,"В уряді працює більше людей, ніж треба",정부는 필요 이상으로 크다
4,2,1,1,The government has too much power,Die Regierung hat zu viel Macht,Правительство имеет слишком много власти,La registaro havas tro multe da povoj,Rząd ma za dużo władzy,Lo stato ha troppi poteri,Уряд має надто багато влади,정부는 너무 많은 권력을 가지고 있다
4,2,2,1,I do not trust the government to look after my interests,"Ich vertraue der Regierung nicht darin, dass sie sich um meine Interessen kümmert",Я не доверяю защиту своих интересов правительству,Mi ne fidus al la registaro defendi miajn interesojn,"Nie ufam rządowi, aby dbał o moje interesy",Non credo che lo stato abbia veramente a cuore i miei interessi,Я не довірив би державі захист моїх інтересів,나는 정부가 내 이익을 대변할 것이라고 믿지 않는다
4,2,2,1,Small government is usually better than big government,Kleine Regierungen sind normalerweise besser als große,Маленькие правительства обычно лучше больших правительств,Etaj registaroj kutime stas pli bonaj ol la grandaj,Mały rząd jest zwykle lepszy niż duży rząd,Un governo con meno poteri generalmente è meglio di un governo con più poteri,Малий уряд зазвичай краще за великий уряд,작은 정부는 보통 큰 정부보다 낫다
4,2,3,1,There can never be a government without corruption,Es kann keine Regierungen ohne Korruption geben,Правительства без коррупции существовать не может,Ne eblas esti registaro sen korupto,Nie istnieje rząd bez korupcji,Non ci potrà mai essere uno stato senza corruzione,Не існує уряду без корупції,부패가 없는 정부는 결코 있을 수 없다
4,2,3,1,The population can protect itself better than the government can protect it,"Die Bevölkerung kann sich selbst besser beschützen, als es die Regierung kann","Народ может защитить себя лучше, чем его может защитить правительство",Homoj povas protekti sin pli bone ol la registaro povas protekti ilin,Ludność może się lepiej chronić niż rząd,La popolazione può proteggersi meglio da sola di quanto possa proteggerla lo stato,"Народ може захистити себе сам краще, ніж його захистить держава",주민은 정부가 보호할 수 있는 것보다 스스로를 더 잘 보호할 수 있다
4,2,4,1,The government should have no say in how people live their lives,"Die Regierung sollte nicht zu sagen haben, wie Leute ihr Leben zu leben haben","Правительство не должно указывать людям, как им жить","La registaro ne diru al homoj, kiel ili vivu siajn vivojn","Rząd nie powinien mieć nic do powiedzenia na temat tego, jak ludzie żyją",Lo stato non dovrebbe poter dettare come vivere la propria vita personale ai suoi cittadini,"Держава не має казати людям, як їм жити",정부는 사람들이 어떻게 삶을 사는지에 대해 발언권을 가져서는 안 된다
4,2,4,1,People would be better off without a government,Leute wären ohne eine Regierung besser dran,Людям было бы лучше без правительства,Homoj estas pli bonaj sen registaro,Ludziom byłoby lepiej bez rządu,Staremmo meglio se lo stato non esistesse,Люди жили би краще без держави,정부가 없다면 사람들은 더 잘 살 것이다
4,2,1,-1,A government provides some important services for the population,Eine Regierung sorgt für einige wichtige Dienste für die Bevölkerung,Правительство оказывает людям часть важных услуг,Registaro donas al homoj iujn gravajn servojn,Rząd zapewnia pewne ważne usługi dla ludności,Lo stato garantisce importanti servizi e benefici alla popolazione,Держава забеспечує людям певні важливі послуги,정부는 주민을 위해 몇 가지 중요한 서비스를 제공한다
5,0,4,1,Those who take credit for the work of others should lose everything,"Die, die die Urheberschaft für die Arbeit anderer in Anspruch nehmen, sollen alles verlieren","Надо лишить всего людей, которые присваивают себе чужой труд","Tiuj, kiuj prezentas fremdan larobon kiel sian, devas seniĝi je ĉio","Ci, którzy twierdzą, że są autorami dzieł innych, powinni wszystko stracić",Chi si accredita il lavoro d'altri dovrebbe perdere tutto,"Ті, хто привласнює собі чужу працю, мають втратити все",다른 사람의 일을 공로로 삼는 사람들은 모든 것을 잃어야 한다
5,0,4,1,Children should not be able to inherit anything from their parents,Kinder sollten nicht die Möglichkeit haben irgendwas von ihren Eltern zu erben,Дети не должны получать какое-либо наследство от своих родителей,Infanoj ne havu ajnajn heredaĵojn de siaj gepatroj,Dzieci nie powinny mieć możliwości dziedziczenia niczego po rodzicach,I figli non dovrebbero poter ricevere l'eredità dai genitori,Діти не мають успадковувати власність батьків,아이들은 부모로부터 어떤 것도 물려받을 수 없어야 한다
5,0,3,1,Your income should be directly tied to the value of what you produce,Das Einkommen sollte genau auf den Wert deiner Erzeugnisse zugeschnitten sein,Доходы людей должны прямо зависеть от ценности ими производимой продукции,Via enspezo devas rekte dependi de la valoro de kion ili produktas,"Twój dochód powinien być bezpośrednio powiązany z wartością tego, co produkujesz",Il tuo reddito dovrebbe essere direttamente collegato al valore di ciò che produci,"Ваш дохід має безпосередньо залежати від ціни продукції, яку ви виробляєте",당신의 수입은 당신이 생산하는 것의 가치와 직접적으로 연관되어야 한다
5,0,3,1,Children of the wealthy should only be able to become wealthy if they have their own independent idea,"Kinder von wohlhabenden Leuten, sollten nur ebenso wohlhabend sein, wenn sie ihre eigene Idee haben","Дети богатых людей должны становится богатыми, только если у них есть своя собственная независимая бизнес-идея",Infanoj de riĉuloj rajtu iĝi riĉaj nur se ili havas sian propran nedependan ideon,"Dzieci bogatych powinny stać się bogatymi tylko wtedy, gdy mają własny, niezależny pomysł",I figli dei ricchi dovrebbero poter diventare ricchi esclusivamente grazie alle loro capacità,"Діти багатих людей мають право стати багатими тільки у тому випадку, якщо у них є власна незалежна ідея",부자들의 자녀들은 그들만의 독자적인 생각을 가지고 있어야만 부자가 될 수 있어야 한다
5,0,2,1,"It should not matter who you are, only what you can do","Es sollte unwichtig sein, wer du bist, es ist nur wichtig, was du tun kannst","Никому не должно быть важно, кто ты. Важно только то, что ты делаешь.","Neniu zorgu pri kiu vi estas, nur pri kion vi faras","Nie powinno mieć znaczenia, kim jesteś, tylko to, co możesz zrobić","Chi sei non dovrebbe essere importante, di cosa sei capace dovrebbe essere l'unica cosa che conta","Неважливо хто ти, важливо те, що ти робиш","당신이 누구인지는 중요하지 않고, 오직 당신이 할 수 있는 것만이 중요하다"
5,0,2,1,Banks should tolerate more risk for disadvantaged communities to give them the opportunity to succeed as well,"Banken sollten ein größeres Risiko für benachteiligte Gemeinden eingehen, um ihnen auch die Möglichkeit zu geben Erfolg zu haben","Банки должны снисходительней относиться к рискам, которые могут понести от людей из низших слоёв общества, чтобы у тех тоже был шанс на успех",Bankoj devas toleri pliajn riskojn de malavantaĝaj komunumoj por ebligi sukceson al ili,"Banki powinny podejmować większe ryzyko dla społeczności w niekorzystnej sytuacji, aby dać im szansę na odniesienie sukcesu",Le banche dovrebbero accettare rischi maggiori verso le comunità più svantaggiate per dare loro uguale possibilità di successo,"Банки мають більш толерантно ставитися до ризику, який веде за собою співпраця з людьми з нижчого прошарку суспільства, щоби ті мали шанс на успіх",은행은 혜택 받지 못한 지역사회가 성공할 수 있는 기회를 주기 위해 더 많은 위험을 감수해야 한다
5,0,2,1,Need based scholarships are important for allowing gifted students from poor families to be able to succeed,"Bedarfsorientierte Stipendien sind wichtig, um talentierten Studenten von armen Familien die Möglichkeit zu geben auch erfolgreich zu sein","Социальные стипендии необходимы, чтобы одарённые студенты из бедных семей имели шанс на успех",Laŭbezonaj stipendioj estas gravaj por ebligo de sukceso al talentaj studentoj el mizeraj fimiloj,"Stypendia oparte na potrzebach są ważne, aby umożliwić uzdolnionym studentom z ubogich rodzin odniesienie sukcesu",Le borse di studio basate sul reddito del ricevente sono importanti perché danno una possibilità alle famiglie povere di avere successo,"Пільгові стипендії необхідні, щоби студенти з бідних сімей мали шанс на успіх",가난한 가정의 영재들이 성공할 수 있도록 하기 위해서는 어려운 사람을 위한 장학금이 중요하다
5,0,1,1,You should be able to become rich if you work harder than everyone else regardless of how wealthy your family was,"Man sollte die Möglichkeit haben reich zu werden, wenn man härter als alle anderen arbeitet, davon abgesehen wie wohlhabend deine Familie war","Богатыми должны становиться только те, кто работает больше остальных, вне зависимости от богатства их семьи",Vi rajtu esti riĉa nur se vi laboras pli ol aliaj malgraŭ riĉeco de via familo,"Powinieneś być w stanie stać się bogatym, jeśli pracujesz ciężej niż wszyscy inni, bez względu na to, jak zamożna była twoja rodzina","Dovresti avere la possibilità di diventare ricco in base al tuo impegno, indipendentemente dal tuo background familiare","Ви маєте мати змогу стати багатим(-ою), якщо працюєте більше за інших, незалежно від багатства вашої сім'ї",가족이 얼마나 부유했든 누구보다 열심히 일하면 부자가 될 수 있어야 한다
5,0,1,1,Those who work especially hard should be rewarded with more wealth,"Wer besonders hart arbeitet, sollte mit mehr Wohlstand belohnt werden","Тот, кто много работает, должен получать больше остальных","Kiuj laboras tre multe, tiuj gajnu pli multe","Ci, którzy szczególnie ciężko pracują, powinni otrzymać więcej bogactwa",Quelli che lavorano di più dovrebbero essere ricompensati con maggiore ricchezza,"Той, хто багато працює, має отримувати більше за інших",특히 열심히 일하는 사람들은 더 많은 부를 보상받아야 한다
5,1,4,1,"Communism, if implemented correctly, would be better than capitalism","Kommunismus, wenn richtig umgesetzt, wäre besser als Kapitalismus",Коммунизм при своей правильной реализации превосходил бы капитализм,"Komunismo, realigite korekte, estus pli bona ol kapitalismo","Komunizm, jeśli zostanie właściwie wdrożony, byłby lepszy niż kapitalizm","Il comunismo, se applicato correttamente, sarebbe meglio del capitalismo","Комунізм, якби був реалізований правильно, був би кращим, ніж капіталізм",공산주의가 제대로 시행된다면 자본주의보다 나을 것이다
5,1,4,1,"From each according to his ability, to each according to his need","Jeder nach seinen Fähigkeiten, jeder nach seinen Bedürfnissen","От каждого — по способности, каждому — по потребности","De ĉiu laŭ la kapablo, al ĉiu laŭ la bezono","Od każdego według jego zdolności, każdemu według jego potrzeb","Da ognuno secondo le proprie capacità, ad ognuno secondo i propri bisogni","Від кожного - за його здібностями, кожному - за його потребою","능력에 따라 일하고, 필요에 따라 분배해야 한다"
5,1,4,1,All people should get the same rewards regardless of their work,"Alle Leute sollten denselben Lohn bekommen, ganz gleich, ob sie arbeiten","Люди должны зарабатывать одинакового, кем бы они не работали",Ĉiuj homoj gajnu la saman rekompencon malgraŭ ilia laboro,"Wszyscy ludzie powinni otrzymywać takie samo wynagrodzenie, niezależnie od swojej pracy","Tutte le persone dovrebbero essere garantite lo stesso salario, indipendentemente dal lavoro che fanno","Усі мають отримувати одинакову заробітню плату, незалежно від того, яку роботу вони виконують",모든 사람은 일의 종류와 상관없이 동일한 보상을 받아야 한다
5,1,3,1,There should be no billionaires,Es sollte keine Milliadäre geben,Миллиардеров существовать не должно,Bilionuloj devas ne esti,Nie powinno być miliarderów,Non ci dovrebbero essere miliardari,Міліардерів не має існувати,억만장자가 있어서는 안 된다
5,1,3,1,I would support a maximum wage,Ich würde ein maximales Einkommen unterstützen,Я бы поддерживал ограничение на максимальный доход,Mi subtenus maksimuman enspezon,Popieram minimalne wynagrodzenie,Io supporterei uno stipendio massimo,Я би підтримав(-ла) введення обмеження на максимальний дохід,나는 최고 임금(최저 임금의 반댓말)을 지지할 것이다
5,1,3,1,People should be guaranteed enough to live regardless of whether they work,"Leuten sollte genug zum Leben garantiert werden, ganz gleich, ob sie arbeiten","Людям должна быть гарантирована жизнь, даже если они не работают",Homoj havu sufiĉe da garantioj por vivi malgraŭ ĉu ili laboras,"Ludziom należy zagwarantować wystarczające warunki do życia, niezależnie od tego, czy pracują","Indipendentemente dallo stato di occupazione, bisognerebbe garantire a tutti di ricevere abbstanza per vivere","Люди мають отримувати ресурси на проживання, навіть якщо вони не працюють",사람들은 일하는 것과 상관없이 살 수 있을 만큼 충분히 보장받아야 한다
5,1,2,1,Healthcare should be a right guaranteed to all people,"Gesundheitsfürsorge sollte ein Recht sein, dass allen Leuten garantiert werden sollte",Каждый должен иметь право на медицинскую помощь,"Resanigo devas esti rajto, garantiata al ĉiuj homoj",Opieka zdrowotna powinna być prawem zagwarantowanym dla wszystkich ludzi,La sanità dovrebbe essere un diritto garantito a tutti,Кожен має мати право на безкоштовну медицину,의료는 모든 사람들에게 보장되는 권리여야 한다
5,1,2,1,The extremely wealthy make more than they deserve,Die extrem Wohlhabenden erzielen mehr als sie verdienen,"Чрезмерно богатые люди зарабатывают больше, чем они достойны",La estreme riĉaj homoj gajnas multe pli ol ili indas,"Niezwykle bogaci zarabiają więcej, niż na to zasługują",Gli ultra-ricchi hanno molto di più di quello che si meritano,"Надзвичайно багаті заробляють більше, ніж їм би було варто",극도의 부자들은 그들이 마땅히 받아야 할 것보다 더 많은 돈을 번다
5,1,2,1,All people should be guaranteed housing,Allen Leuten sollte ein Obdach gewährleistet werden,Каждому человеку должно быть гарантировано жильё,Ĉiuj homoj havu garantiatan loĝejon,Wszystkim ludziom należy zagwarantować mieszkanie,Dovrebbe essere garantita un'abitazione a tutti,Кожній людині має бути надано житло,모든 사람들은 주거를 보장받아야 한다
5,1,1,1,The government should try to help the poorest people in society,Die Regirung sollte versuchen den ärmsten in der Gesellschaft zu helfen,Правительство должно помогать самым низким слоям общества,La registaro provu helpi al la plej mizeraj homoj en la socio,Rząd powinien spróbować pomóc najuboższym ludziom w społeczeństwie,Lo stato dovrebbe aiutare le classi meno abbienti,Держава має допомагати найбіднішим прошаркам суспільства,정부는 사회에서 가장 가난한 사람들을 돕기 위해 노력해야 한다
5,1,1,1,The wealthy have far more than they need,Die Wohlhabenden haben viel mehr als sie brauchen,"Богатые имеют куда больше богатств, чем им надо",Riĉuloj havas multe pli ol ili necesas,"Bogaci mają znacznie więcej majątku, niż potrzebują",I ricchi hanno molto di più di quello di cui hanno bisogno,"У багатих є набагато більше, ніж їм треба",부자들은 그들이 필요로 하는 것보다 훨씬 더 많은 것을 가지고 있다
5,1,1,-1,I would not want to live in a country where everyone had the same salary,"Ich würde nicht in einem Land leben wollen, wo jeder das gleiche Einkommen hat","Я бы не стал жить в стране, где все зарабатывают одинаково","Mi ne volus loĝi en lando, kie ĉiuj havas la saman salajron","Nie chciałbym mieszkać w kraju, w którym wszyscy mieli taką samą pensję",Non vorrei vivere in un paese dove tutti hanno lo steso salario,"Я би не захотів жити в державі, де кожен заробляє одинаково",나는 모든 사람이 같은 월급을 받는 나라에서 살고 싶지 않을 것이다
5,1,3,-1,There should not be a minimum wage,Es sollte keinen Mindestlohn geben,Минимальной зарплаты не должно существовать,Minimuma enspezo devas ne esti,Nie powinno być płacy minimalnej,Non ci dovrebbe essere un salario minimo,Мінімальної зарплатньої плати не повинно бути,최저임금이 있어서는 안 된다
5,2,1,-1,It is important to provide free education to all children,Es ist wichtig kostenlose Bildung für alle Kinder zur Verfügung zu stellen,Важно предоставлять бесплатное образование всем детям,Estas grave doni senpagan kleron al ĉiuj infanoj,Ważne jest zapewnienie bezpłatnej edukacji wszystkim dzieciom,È importante provvedere un educazione gratuita a tutti i ragazzi,Важливо надати безкоштовне навчання усім дітям,모든 아이들에게 무상교육을 제공하는 것은 중요하다
5,2,4,1,No person should pay a higher percentage of tax on their income than another,"Niemand sollte ein höheren Prozentsatz Einkommenssteuer zahlen müssen, als andere","Никто не должен платить больший процент налогов, чем другие",Neniu pagu pli grandan procenton de impostoj el iliaj enspezoj ol aliaj,Nikt nie powinien płacić wyższego podatku od swoich dochodów niż inny obywatel,Nessuno dovrebbe pagare una percentuale di tasse più alta di qualcun altro,"Жоден немає платити більше податків зі свого доходу, ніж інші",어떤 사람도 자신의 소득에 대해 다른 사람보다 높은 비율의 세금을 납부해서는 안 된다
5,2,4,1,There should be no welfare,Es sollte keine Sozialhilfe geben,Соцобеспечения не должно существовать,Socia helpo devas ne esti,Nie powinno być pomocy socjalnej,Non ci dovrebbero essere programmi di welfare,Соціального забезпечення не має існувати,복지가 있어서는 안 된다
5,2,3,1,People who are poor choose to be poor,"Leute die arm sind, haben es sich ausgesucht arm zu sein",Бедные люди сами выбирают себе бедную жизнь,Malriĉaj homoj mem elektas malriĉi,Ludzie biedni wybrali biedę,Chi è povero sceglie di esserlo,Бідні люди самі обирають бути бідними,가난한 사람들은 가난한 것을 선택한다
5,2,2,-1,"It is unfair that the wealthy pay for tutoring for their children to pass standardized tests, allowing them to further succeed","Es ist ungerecht, dass die wohlhabenden Leute für Nachhilfe ihrer Kinder bezahlen, um standardisierte Tests zu absolvieren, was ihnen erlaubt erfolgreicher zu sein","Не справедило то, что богатые платят за обучение их детей, чтобы те прошли стандартизованные тесты и могли иметь успех в жизни","Estas ne honore, ke riĉuloj pagas por klerigo de iliaj infanoj por ke ili pasos normigitajn testojn, ebligontaj sukceos al ili","To niesprawiedliwe, że zamożni ludzie płacą za naukę dzieci, aby przystępować do testów, co pozwala im odnosić większe sukcesy","È ingiusto che i ricchi possano mandare i loro figli a lezioni private per prepararli ai test standardizzati, così permettendogli di avere voti superiori a chi non può permetterselo","Несправедливим є те, що багаті мають змогу платити за краще навчання для своїх дітей, щоби ті краще здавали екзамени, дозволяючи їм мати більший успіх за інших",부유층이 자녀들에게 표준화된 시험에 합격하도록 과외비를 지불함으로써 그들이 더욱 성공할 수 있게 하는 것은 불공평하다
5,2,3,-1,Wealthy districts should not be allowed to put additional money into their school districts when less wealthy districts can't afford to do the same,"Wohlhabende Gebiete sollte es untersagt sein zusätzliches Geld für ihre Schulen zu zahlen, wenn weniger wohlhabende Gebiete es sich nicht leisten können dasselbe zu tun","Богатые районы не должны вкладывать дополнительные средства в свои школы, в то время как менее богатые районы не могут себе это позволить",Riĉaj distriktoj ne havu rajton investi aldonan monon en siajn lernejojn dum malpli riĉaj distriktoj ne povas fari tion ĉi,"Zamożnym dzielnicom nie należy zezwalać na wkładanie dodatkowych pieniędzy do okręgów szkolnych, gdy mniej zamożnych dzielnic nie stać na to samo",Non dovrebbe essere permesso ai distretti più ricchi di finanziare ulteriormente le loro scuole quando i distretti poveri non possono fare lo stesso,"Не можна дозволяти більш багатим районам вкладати більше своїх ресурсів у школи, коли більш бідні не можуть собі того дозволити",부유한 지역들은 가난한 지역들이 같은 일을 할 여유가 없을 때 그들의 학군에 추가 자금을 투입하도록 허용되어서는 안 된다
5,2,3,-1,Private schools should be banned,Private Schulen sollten abgeschafft werden,Частные школы необходимо запретить,Oni malpermesu privatajn lernejojn,Szkoły prywatne powinny zostać zlikwidowane,Le scuole private non dovrebbero esistere,Приватні школи потрібно заборонити,사립학교는 금지되어야 한다
5,2,2,1,There should be a limit to how much wealth someone can inherit from their parents,"Es sollte eine Grenze dafür geben, wie viel Reichtum jemand von seinen Eltern erben kann",Количество насследуемого имущества должно быть ограничено,"Estu lima kvanto de heredaĵoj, kiujn oni povas ricevi de siaj gepatroj","Powinien istnieć limit ilości majątku, który ktoś może odziedziczyć po rodzicach",Ci dovrebbe essere un limite a quanta ricchezza si può eridatare dai propri genitori,"Має бути обмеження на те, скільки хтось може успадкувати від своїх батьків",누군가 부모로부터 물려받을 수 있는 재산의 양에는 한계가 있어야 한다
5,2,2,1,I should not have to pay for things that I get no benefit from,"Ich sollte nicht für Dinge bezahlen, die mir nichts nützen","Я не должен платить за то, что не приносит мне никакой пользы","Mi ne pagu por tio, kio ne utilas al mi","Nie powinienem płacić za rzeczy, z których nie czerpię korzyści",Non dovrei pagare per cose da cui non ricevo beneficio,"Я не мушу платити за те, що приносить мені ніякої користі",내가 혜택을 받지 못하는 것에 대해 돈을 지불하지 않아도 된다
5,2,1,1,We should reduce our welfare program,Wir sollten unsere Sozialhilfe reduzieren,Мы должны сократить свои программы социального обеспечения,Mi malpliigu nian socian helpon,Powinniśmy zmniejszyć nasz program socjalny,Dovremmo avere meno programmi di welfare,Нам потрібно скоротити наші програми соціяльного забезпечення,우리는 복지 프로그램을 줄여야 한다
5,2,1,1,Parents should be allowed to help their children succeed,Eltern sollte es erlaubt sein ihren Kindern dabei zu helfen erfolgreich zu sein,Родителям следует запретить помогать добиваться успеха своим детям,Gepatroj ne rajtu helpi sukcesi al iliaj infanoj,Rodzice powinni mieć możliwość pomóc swoim dzieciom w osiągnięciu sukcesu,I genitori dovrebbero poter aiutare i propri figli ad avere successo,Варто дозволити батькам допомагати своїм дітям досягти успіху,부모들은 그들의 아이들이 성공하도록 도와야 한다
